wiki,title,length,unit,over_threshold
en.wikipedia.org,1647 in Denmark,7,words,False
en.wikipedia.org,Arcata Community Recycling Center,112,words,False
en.wikipedia.org,Battle of Hamburger Hill,164,words,False
en.wikipedia.org,"Eagle & Child, York",223,words,False
en.wikipedia.org,Eric Fingerhut,117,words,False
en.wikipedia.org,Gwadar–Mastung Railway,42,words,False
en.wikipedia.org,Illescas National Reserve,156,words,False
en.wikipedia.org,Jonas Galusha,285,words,False
en.wikipedia.org,Libertini,49,words,False
en.wikipedia.org,McAuley School District No. 27,85,words,False
en.wikipedia.org,Nusantara Society,73,words,False
en.wikipedia.org,Pelagicola,11,words,False
en.wikipedia.org,Pierre-René Rogue,114,words,False
en.wikipedia.org,Prašuma Janj,59,words,False
en.wikipedia.org,Ramanathaswamy Temple,169,words,False
en.wikipedia.org,Rise of Industry,109,words,False
en.wikipedia.org,Salman Bhojani,73,words,False
en.wikipedia.org,Slepčany,19,words,False
en.wikipedia.org,Terry Ferguson,31,words,False
en.wikipedia.org,Veeremäe,27,words,False
en.wikipedia.org,"Beckville, Piedmont, Missouri",30,words,False
en.wikipedia.org,Bergnäset,16,words,False
en.wikipedia.org,Betu,40,words,False
en.wikipedia.org,Dacu,31,words,False
en.wikipedia.org,Geoffrey Willans,417,words,True
en.wikipedia.org,In Radiant Decay,49,words,False
en.wikipedia.org,"Klinovka, Republic of Bashkortostan",27,words,False
en.wikipedia.org,Kora (instrument),37,words,False
en.wikipedia.org,Lino (film),59,words,False
en.wikipedia.org,Pailton Engineering Ltd,31,words,False
en.wikipedia.org,Patricia Owens (academic),114,words,False
en.wikipedia.org,Picochlorum oklahomense,49,words,False
en.wikipedia.org,Quality Dairy Company,109,words,False
en.wikipedia.org,"Robert de Brus, 4th Lord of Annandale",12,words,False
en.wikipedia.org,Ruhabad District,59,words,False
en.wikipedia.org,Tarsocera,14,words,False
en.wikipedia.org,Tumarz,33,words,False
en.wikipedia.org,Veermata Jijabai Technological Institute,159,words,False
en.wikipedia.org,Wong Choong Hann,56,words,False
en.wikipedia.org,Yubbe,68,words,False
en.wikipedia.org,2021–22 Portland Pilots men's basketball team,106,words,False
en.wikipedia.org,2026–27 AS Nancy Lorraine season,33,words,False
en.wikipedia.org,Barberini ivory,288,words,False
en.wikipedia.org,Eli Azur,22,words,False
en.wikipedia.org,Illinois Gaming Board,45,words,False
en.wikipedia.org,Ithome curvipunctella,56,words,False
en.wikipedia.org,Jakub Sypek,22,words,False
en.wikipedia.org,John S. Arnick,58,words,False
en.wikipedia.org,Lobster sauce,143,words,False
en.wikipedia.org,Masae,63,words,False
en.wikipedia.org,Non-dimensionalization and scaling of the Navier–Stokes equations,188,words,False
en.wikipedia.org,Philotheca coccinea,42,words,False
en.wikipedia.org,Pterothrix,35,words,False
en.wikipedia.org,Reidar Kjellberg,18,words,False
en.wikipedia.org,"San Martino, Monteriggioni",44,words,False
en.wikipedia.org,Skoog,108,words,False
en.wikipedia.org,Steilacoom people,21,words,False
en.wikipedia.org,The Orbital Children,256,words,False
en.wikipedia.org,Tudor Arghezi metro station,193,words,False
en.wikipedia.org,Yasemin Güveli,50,words,False
en.wikipedia.org,Allied Architects Association,175,words,False
en.wikipedia.org,Camp Thomas (disambiguation),64,words,False
en.wikipedia.org,Changi Naval Base,85,words,False
en.wikipedia.org,Ferroviário de Maputo (basketball),41,words,False
en.wikipedia.org,ITV Tyne Tees & Border,56,words,False
en.wikipedia.org,Independent forest monitoring,107,words,False
en.wikipedia.org,Island 35 Mastodon,85,words,False
en.wikipedia.org,John Marshall Martin,26,words,False
en.wikipedia.org,List of Suffolk County Cricket Club grounds,98,words,False
en.wikipedia.org,Norman Rentrop,241,words,False
en.wikipedia.org,Nuclear localization sequence,75,words,False
en.wikipedia.org,Oliver Barrett,44,words,False
en.wikipedia.org,Philonome spectata,80,words,False
en.wikipedia.org,S. Shankar (writer),204,words,False
en.wikipedia.org,Taxi at Midnight,47,words,False
en.wikipedia.org,"The Fox Inn, Hanwell",44,words,False
en.wikipedia.org,The Improv Centre,100,words,False
en.wikipedia.org,Thomas Jefferson Jackson See,70,words,False
en.wikipedia.org,Tydus Winans,60,words,False
en.wikipedia.org,Wai Ching Ho,93,words,False
en.wikipedia.org,1979 Challenge Cup,64,words,False
en.wikipedia.org,Brainpower,23,words,False
en.wikipedia.org,Bret Erickson,35,words,False
en.wikipedia.org,COVID-19 pandemic in Slovakia,106,words,False
en.wikipedia.org,Casa Condominio Residenza,225,words,False
en.wikipedia.org,Children of Chance (1930 film),25,words,False
en.wikipedia.org,False Face (film),79,words,False
en.wikipedia.org,Good Move!,21,words,False
en.wikipedia.org,Kakni River,64,words,False
en.wikipedia.org,Kevin M. Esvelt,105,words,False
en.wikipedia.org,Lead (sea ice),131,words,False
en.wikipedia.org,List of UK Country Albums Chart number ones of 2017,251,words,False
en.wikipedia.org,Matzinger,24,words,False
en.wikipedia.org,Mudappallur,33,words,False
en.wikipedia.org,Pachyphyllone,17,words,False
en.wikipedia.org,Roger Ackling,44,words,False
en.wikipedia.org,South East England (European Parliament constituency),39,words,False
en.wikipedia.org,The Voice Kids (South Korean TV series),46,words,False
en.wikipedia.org,This Crazy Heart of Mine,46,words,False
en.wikipedia.org,Trevor Lummis,39,words,False
en.wikipedia.org,A Garage Dayz Nite,116,words,False
en.wikipedia.org,African BMX Racing Championships,73,words,False
en.wikipedia.org,Asa L. Baldwin,44,words,False
en.wikipedia.org,Battle of Hürtgen Forest,453,words,True
en.wikipedia.org,Fallschirm Leuchtpatrone,41,words,False
en.wikipedia.org,Flibustierowie,108,words,False
en.wikipedia.org,Gareth Roberts (writer),40,words,False
en.wikipedia.org,Gösta Törner,11,words,False
en.wikipedia.org,Hōyo Strait,19,words,False
en.wikipedia.org,"James Bray (cricketer, born 1853)",28,words,False
en.wikipedia.org,Kálmán Kádár,43,words,False
en.wikipedia.org,Lim Chuan Poh,88,words,False
en.wikipedia.org,Opicinumab,90,words,False
en.wikipedia.org,Ossicaulis semiocculta,34,words,False
en.wikipedia.org,Padma Nadir Majhi,33,words,False
en.wikipedia.org,Roman Zaretsky,69,words,False
en.wikipedia.org,Star in the Hood (company),76,words,False
en.wikipedia.org,Sticharium dorsale,29,words,False
en.wikipedia.org,Virgin Islands at the 2024 World Aquatics Championships,18,words,False
en.wikipedia.org,Yuxarı Qaragüvəndli,16,words,False
en.wikipedia.org,2018 Speedway European Championship,90,words,False
en.wikipedia.org,2021–22 Chattanooga Mocs men's basketball team,117,words,False
en.wikipedia.org,Abdushukurboy Madrasa,18,words,False
en.wikipedia.org,Enahemo Artaud,40,words,False
en.wikipedia.org,F. William Summers,43,words,False
en.wikipedia.org,Gloria González,20,words,False
en.wikipedia.org,Jamel Akbar,83,words,False
en.wikipedia.org,John Hurford,304,words,True
en.wikipedia.org,Laura Royo,23,words,False
en.wikipedia.org,New Brunswick System Operator,79,words,False
en.wikipedia.org,Prague Radio Symphony Orchestra,59,words,False
en.wikipedia.org,Pratesh Shirodkar,21,words,False
en.wikipedia.org,Raymond Burke,49,words,False
en.wikipedia.org,"Sprague, Wisconsin",85,words,False
en.wikipedia.org,Sugpon,36,words,False
en.wikipedia.org,Tea Party (song),81,words,False
en.wikipedia.org,Thomas D. Mangelsen,153,words,False
en.wikipedia.org,Tsugio Ito,29,words,False
en.wikipedia.org,Yandyganovo,30,words,False
en.wikipedia.org,Yeongdeungpo-dong,13,words,False
en.wikipedia.org,15th Infantry Division (Greece),104,words,False
en.wikipedia.org,"2,4,5-Trihydroxycinnamic acid",20,words,False
en.wikipedia.org,Beverly Marsh,113,words,False
en.wikipedia.org,Henry Crosby Emery,17,words,False
en.wikipedia.org,Heyo language,33,words,False
en.wikipedia.org,Kjerulf Glacier,65,words,False
en.wikipedia.org,La Petite-Verrière,24,words,False
en.wikipedia.org,List of suffragette bombings,39,words,False
en.wikipedia.org,Logical Progression,95,words,False
en.wikipedia.org,Maeve Óg O'Leary,39,words,False
en.wikipedia.org,Peugeot Type 36,103,words,False
en.wikipedia.org,Priya Rajasethupathy,20,words,False
en.wikipedia.org,Puskwaskau River,77,words,False
en.wikipedia.org,Railways and Transport Safety Act 2003,19,words,False
en.wikipedia.org,The Radio Marriage,26,words,False
en.wikipedia.org,Timeline of Nepalese history,54,words,False
en.wikipedia.org,Umran Javed,249,words,False
en.wikipedia.org,Vladimir García,43,words,False
en.wikipedia.org,Volunteer Fire Assistance,38,words,False
en.wikipedia.org,Wally O'Connor,126,words,False
en.wikipedia.org,1st Wisconsin Infantry Regiment (1898),45,words,False
en.wikipedia.org,Alex Poots,109,words,False
en.wikipedia.org,Alexei Bueno,17,words,False
en.wikipedia.org,Arsène Copa,17,words,False
en.wikipedia.org,Bill Bufalino,39,words,False
en.wikipedia.org,Brookwood railway station,25,words,False
en.wikipedia.org,Duncan Tucker,79,words,False
en.wikipedia.org,Fergus Kerr,43,words,False
en.wikipedia.org,Goldmann Applanation Tonometer,27,words,False
en.wikipedia.org,HCHS,4,words,False
en.wikipedia.org,John Bacon (Massachusetts politician),308,words,True
en.wikipedia.org,John McClamrock,39,words,False
en.wikipedia.org,Klein Rönnau,267,words,False
en.wikipedia.org,List of Family Guy guest stars,250,words,False
en.wikipedia.org,List of U.S. state legislatures,149,words,False
en.wikipedia.org,Natural region,88,words,False
en.wikipedia.org,Political ineligibility of Jair Bolsonaro,116,words,False
en.wikipedia.org,Science Teaching Hub,12,words,False
en.wikipedia.org,The Easy Way Out,118,words,False
en.wikipedia.org,Érick Plúas,26,words,False
en.wikipedia.org,1938–39 Washington Huskies men's basketball team,124,words,False
en.wikipedia.org,2008 in Portuguese television,11,words,False
en.wikipedia.org,A10 autoroute,176,words,False
en.wikipedia.org,All India Indira Congress (Secular),42,words,False
en.wikipedia.org,Antonio Bonfatti,35,words,False
en.wikipedia.org,C.D. Feirense,67,words,False
en.wikipedia.org,CNA C.II,21,words,False
en.wikipedia.org,Camanaú River,33,words,False
en.wikipedia.org,Chrysoprasis bicolor,19,words,False
en.wikipedia.org,Feature model,141,words,False
en.wikipedia.org,Haryono Suyono,56,words,False
en.wikipedia.org,Jérôme Nday Kanyangu Lukundwe,47,words,False
en.wikipedia.org,Mamuka Khazaradze,67,words,False
en.wikipedia.org,Raszczyce,16,words,False
en.wikipedia.org,Rhyme (disambiguation),57,words,False
en.wikipedia.org,Ryan Stewart,70,words,False
en.wikipedia.org,Seven Slaps,93,words,False
en.wikipedia.org,The budgetary rule,146,words,False
en.wikipedia.org,Vriserë,27,words,False
en.wikipedia.org,Worgu Boms,20,words,False
es.wikipedia.org,Akanda FC,26,words,False
es.wikipedia.org,Albano Pereira,35,words,False
es.wikipedia.org,Alejandro Martínez Sánchez,31,words,False
es.wikipedia.org,Casa de los Morlanes,256,words,False
es.wikipedia.org,Clelea microphaea,18,words,False
es.wikipedia.org,Ektomorf,9,words,False
es.wikipedia.org,Estación de Palais Royal - Musée du Louvre,52,words,False
es.wikipedia.org,FSC Żuk,27,words,False
es.wikipedia.org,Francisco Luis Héctor de Carondelet,85,words,False
es.wikipedia.org,J. League Division 2 2008,127,words,False
es.wikipedia.org,Jaque mate (telenovela),130,words,False
es.wikipedia.org,Jaume Orpinell,207,words,False
es.wikipedia.org,Last KM,21,words,False
es.wikipedia.org,Leporillus apicalis,114,words,False
es.wikipedia.org,Mohnyin Thado,208,words,False
es.wikipedia.org,Ouled Slimane,54,words,False
es.wikipedia.org,Pandemia de COVID-19 en Islandia,110,words,False
es.wikipedia.org,Parque natural Kalbario-Patapat,118,words,False
es.wikipedia.org,Roger Machin,19,words,False
es.wikipedia.org,Superclásico del fútbol peruano,407,words,True
es.wikipedia.org,ATP Finals 2018,191,words,False
es.wikipedia.org,Agnes Keyser,147,words,False
es.wikipedia.org,Agrilus gyleki,20,words,False
es.wikipedia.org,Ara guadeloupensis,304,words,True
es.wikipedia.org,Arquidiócesis de Kingston,16,words,False
es.wikipedia.org,Characidium chupa,17,words,False
es.wikipedia.org,Franz Jonas,23,words,False
es.wikipedia.org,I Don't Care (canción de Ricky Martin),94,words,False
es.wikipedia.org,Jesus freak,258,words,False
es.wikipedia.org,Libertad Económica en el Mundo,55,words,False
es.wikipedia.org,Manuel de Arriaga,64,words,False
es.wikipedia.org,Marián Kelemen,30,words,False
es.wikipedia.org,Mencía de Velasco,42,words,False
es.wikipedia.org,Muhammad de Gur,381,words,True
es.wikipedia.org,Neimongosaurus yangi,43,words,False
es.wikipedia.org,Pedro Vuskovic,49,words,False
es.wikipedia.org,Plagioscion casattii,17,words,False
es.wikipedia.org,Rogelio Martínez Furé,37,words,False
es.wikipedia.org,Selección de fútbol sub-21 de Kosovo,53,words,False
es.wikipedia.org,Star Wars: Rebel Assault,162,words,False
es.wikipedia.org,Bazoges-en-Paillers,27,words,False
es.wikipedia.org,Belaria,30,words,False
es.wikipedia.org,Damned Damned Damned,60,words,False
es.wikipedia.org,Ernesto Frith,42,words,False
es.wikipedia.org,Francisco Balaguer,35,words,False
es.wikipedia.org,Georges Izambard,417,words,True
es.wikipedia.org,Guineo primera sección,43,words,False
es.wikipedia.org,Henry Patta,32,words,False
es.wikipedia.org,Julie Boulanger,23,words,False
es.wikipedia.org,Kansas City Trucking Co.,38,words,False
es.wikipedia.org,Peñón del Rosario,69,words,False
es.wikipedia.org,Pierre Gauthier,33,words,False
es.wikipedia.org,Rogelio Ramos Signes,42,words,False
es.wikipedia.org,Rugby Europe Championship 2026,30,words,False
es.wikipedia.org,SatcomBw 2,35,words,False
es.wikipedia.org,Sophie Troc,165,words,False
es.wikipedia.org,Sowerby Bridge,67,words,False
es.wikipedia.org,Valentina Savva,37,words,False
es.wikipedia.org,Vía Herculea,47,words,False
es.wikipedia.org,Yavi Chico,84,words,False
es.wikipedia.org,Beta (Rusia),60,words,False
es.wikipedia.org,Congratulations: 50 years of the Eurovision Song Contest,284,words,False
es.wikipedia.org,Cuautepec de Madero,216,words,False
es.wikipedia.org,David Pacifico,46,words,False
es.wikipedia.org,Denny Bautista,57,words,False
es.wikipedia.org,Estación de Tenabo (Tren Maya),61,words,False
es.wikipedia.org,Gabriel Cárcamo,21,words,False
es.wikipedia.org,Henri Häkkinen,59,words,False
es.wikipedia.org,Montserrat Ubach Tarrés,63,words,False
es.wikipedia.org,Municipio de Honey Creek (Misuri),44,words,False
es.wikipedia.org,"Museo Nacional de la Unidad, Ibadan",32,words,False
es.wikipedia.org,Peter Worsley,67,words,False
es.wikipedia.org,Piedratajada,35,words,False
es.wikipedia.org,Saint-Privé (Yonne),26,words,False
es.wikipedia.org,Scarve,50,words,False
es.wikipedia.org,Shilka (ciudad),45,words,False
es.wikipedia.org,Tengo una ilusión (60 Aniversario),166,words,False
es.wikipedia.org,The Moorside,67,words,False
es.wikipedia.org,Thompson (Connecticut),35,words,False
es.wikipedia.org,We're All Going to the World's Fair,87,words,False
es.wikipedia.org,Autoficción,185,words,False
es.wikipedia.org,Chorrillos (Biobío),20,words,False
es.wikipedia.org,Dolný Pial,57,words,False
es.wikipedia.org,El Vallico,22,words,False
es.wikipedia.org,Feria del Libro Antiguo y de Ocasión de Madrid,72,words,False
es.wikipedia.org,Geometría no conmutativa,149,words,False
es.wikipedia.org,Guatemala en los Juegos Bolivarianos de 2013,30,words,False
es.wikipedia.org,Hierro (manzana),41,words,False
es.wikipedia.org,José Ramón Alonso,45,words,False
es.wikipedia.org,Kozatske (Odesa),28,words,False
es.wikipedia.org,Los Pollos Hermanos,110,words,False
es.wikipedia.org,Nusrat Fateh Ali Khan,224,words,False
es.wikipedia.org,Rally de Portugal,716,words,True
es.wikipedia.org,Reynaldo Alturria,62,words,False
es.wikipedia.org,San José Alto (Aucallama),29,words,False
es.wikipedia.org,Seven Sudamericano Femenino 2013,68,words,False
es.wikipedia.org,Theodor Gomperz,19,words,False
es.wikipedia.org,Woodbranch (Texas),36,words,False
es.wikipedia.org,Yo vendo unos ojos negros,101,words,False
es.wikipedia.org,Zona de Asentamiento,131,words,False
es.wikipedia.org,Alberto Gamboa,41,words,False
es.wikipedia.org,Alfredo Ormando,161,words,False
es.wikipedia.org,Arnaud Drouet,52,words,False
es.wikipedia.org,Auzat,30,words,False
es.wikipedia.org,Canal 3,5,words,False
es.wikipedia.org,Casa Redonda,190,words,False
es.wikipedia.org,Circuito de Guecho 2012,219,words,False
es.wikipedia.org,Colita (fotógrafa),36,words,False
es.wikipedia.org,Cosas imposibles,57,words,False
es.wikipedia.org,Distrito de Brisgovia-Alta Selva Negra,123,words,False
es.wikipedia.org,Elisa y Marcela (película),92,words,False
es.wikipedia.org,Eucradinae,11,words,False
es.wikipedia.org,Fórmula de Bailey-Borwein-Plouffe,69,words,False
es.wikipedia.org,Hercules (cráter),153,words,False
es.wikipedia.org,Jason Cerbone,124,words,False
es.wikipedia.org,Margarita Maldonado Colón,9,words,False
es.wikipedia.org,Obkas,65,words,False
es.wikipedia.org,Palabra de moda,425,words,True
es.wikipedia.org,Roberto Mangabeira Unger,602,words,True
es.wikipedia.org,Servio Sulpicio Pretextato,98,words,False
es.wikipedia.org,Aguran,25,words,False
es.wikipedia.org,Braulio Páez,154,words,False
es.wikipedia.org,Castroncán,24,words,False
es.wikipedia.org,Ceren Taşçı,27,words,False
es.wikipedia.org,Circuito Unión Radio,40,words,False
es.wikipedia.org,Ernst Strathmann,36,words,False
es.wikipedia.org,Estética de uñas,21,words,False
es.wikipedia.org,Ferreira (Coristanco),25,words,False
es.wikipedia.org,Fultot,26,words,False
es.wikipedia.org,Genserico,65,words,False
es.wikipedia.org,Gonzalo Klusener,32,words,False
es.wikipedia.org,Idiostolidae,35,words,False
es.wikipedia.org,Jules Dupré,42,words,False
es.wikipedia.org,Kattanam,31,words,False
es.wikipedia.org,Malephora crocea,18,words,False
es.wikipedia.org,Mordella defectiva,11,words,False
es.wikipedia.org,Pilea effusa,15,words,False
es.wikipedia.org,The Delta Force (película),75,words,False
es.wikipedia.org,Valor biológico,172,words,False
es.wikipedia.org,Volta (California),30,words,False
es.wikipedia.org,(473039) 2015 HX76,33,words,False
es.wikipedia.org,Antennablennius variopunctatus,17,words,False
es.wikipedia.org,Blacked (estudio),75,words,False
es.wikipedia.org,Deficiencia de células T,72,words,False
es.wikipedia.org,Felipe Molina Larios contra Honduras,98,words,False
es.wikipedia.org,Fernando Figueroa,80,words,False
es.wikipedia.org,Fresa de Mahabaleshwar,65,words,False
es.wikipedia.org,Hilarographa uluana,18,words,False
es.wikipedia.org,Kentaro Wada,25,words,False
es.wikipedia.org,MOJOFLY,276,words,False
es.wikipedia.org,Marcos de Sepúlveda,20,words,False
es.wikipedia.org,Masyanya,24,words,False
es.wikipedia.org,Miguel Alonso Berrio,20,words,False
es.wikipedia.org,Más normal de lo normal,77,words,False
es.wikipedia.org,Pedro García (baloncestista),40,words,False
es.wikipedia.org,Porta Borsari,107,words,False
es.wikipedia.org,Shablýkino,65,words,False
es.wikipedia.org,TAB Batteries,123,words,False
es.wikipedia.org,Tiririca,126,words,False
es.wikipedia.org,Volkov-Yartsev VYa-23,29,words,False
es.wikipedia.org,Abayubá Ibáñez,13,words,False
es.wikipedia.org,Adair,48,words,False
es.wikipedia.org,Adonis García,56,words,False
es.wikipedia.org,Ajenabo,21,words,False
es.wikipedia.org,Cadmea,58,words,False
es.wikipedia.org,Canotaje en los XXI Juegos Centroamericanos y del Caribe,21,words,False
es.wikipedia.org,Chile en los Juegos Olímpicos de la Juventud 2014,46,words,False
es.wikipedia.org,Erik von Baer,64,words,False
es.wikipedia.org,Gunnerales,170,words,False
es.wikipedia.org,Iglesia filipina independiente,262,words,False
es.wikipedia.org,Ingo Grausam,35,words,False
es.wikipedia.org,Joaquín Ezpeleta Enrile,25,words,False
es.wikipedia.org,La Sávila,26,words,False
es.wikipedia.org,Leonardo Rocco,90,words,False
es.wikipedia.org,Leptura atrimembris,27,words,False
es.wikipedia.org,Ojo de Agua Centro,20,words,False
es.wikipedia.org,Oxyurichthys,18,words,False
es.wikipedia.org,Paulo Pires,14,words,False
es.wikipedia.org,Ronaldo Senfft,83,words,False
es.wikipedia.org,Serguéi Melgunov,56,words,False
es.wikipedia.org,Aeropuerto de Santa Elena de Uairén,140,words,False
es.wikipedia.org,Ana Shirley (personaje),60,words,False
es.wikipedia.org,Androuet du Cerceau,117,words,False
es.wikipedia.org,Ascos,216,words,False
es.wikipedia.org,Asesinato de Hailey Owens,100,words,False
es.wikipedia.org,Bona de Pisa,38,words,False
es.wikipedia.org,Casa de Esek Hopkins,38,words,False
es.wikipedia.org,Ciudad domótica,98,words,False
es.wikipedia.org,Cristóbal Obregón,16,words,False
es.wikipedia.org,Debora Jille,55,words,False
es.wikipedia.org,Dipturus mennii,25,words,False
es.wikipedia.org,Dominic Raab,268,words,False
es.wikipedia.org,Léider Berrío,32,words,False
es.wikipedia.org,Mark Mansfield,46,words,False
es.wikipedia.org,Melanophryniscus,21,words,False
es.wikipedia.org,Sangha (Mopti),54,words,False
es.wikipedia.org,Shelley Fabares,76,words,False
es.wikipedia.org,Shen (Liaocheng),43,words,False
es.wikipedia.org,Sho Kamimura,34,words,False
es.wikipedia.org,Vicente Romero Fernández,66,words,False
fr.wikipedia.org,(16977) 1999 AS3,19,words,False
fr.wikipedia.org,Bagno (Basse-Silésie),20,words,False
fr.wikipedia.org,Barneville,95,words,False
fr.wikipedia.org,Bulbul écaillé,15,words,False
fr.wikipedia.org,Camille Venneman,58,words,False
fr.wikipedia.org,Christopher Telo,27,words,False
fr.wikipedia.org,Cisowa (Silésie),23,words,False
fr.wikipedia.org,Couvent des Ursulines de Lannion,12,words,False
fr.wikipedia.org,Crucea,18,words,False
fr.wikipedia.org,Davinópolis,10,words,False
fr.wikipedia.org,Eucalyptus pyriformis,26,words,False
fr.wikipedia.org,Joost,120,words,False
fr.wikipedia.org,Julien Soulier,54,words,False
fr.wikipedia.org,Louis Alexandre Péron,28,words,False
fr.wikipedia.org,O Fantasma,21,words,False
fr.wikipedia.org,RSW Liège Basket,68,words,False
fr.wikipedia.org,Rendez-vous à Mexico,32,words,False
fr.wikipedia.org,Rheingold (cheval),17,words,False
fr.wikipedia.org,SeaWiFS,52,words,False
fr.wikipedia.org,Tanguy Coulibaly,21,words,False
fr.wikipedia.org,(17259) 2000 JE1,15,words,False
fr.wikipedia.org,(17548) 1993 SX6,14,words,False
fr.wikipedia.org,Alertez les bébés ! (album),15,words,False
fr.wikipedia.org,Art in Ruins,41,words,False
fr.wikipedia.org,Collège Boréal,169,words,False
fr.wikipedia.org,Crosby (Dakota du Nord),40,words,False
fr.wikipedia.org,"Devotion (film, 1931)",12,words,False
fr.wikipedia.org,Ernest Lacan,24,words,False
fr.wikipedia.org,Eugene Ansah,24,words,False
fr.wikipedia.org,Gąsówka,20,words,False
fr.wikipedia.org,Henry Jones (philosophe),16,words,False
fr.wikipedia.org,Jeux olympiques intercalaires de 1906,98,words,False
fr.wikipedia.org,La Marche verte (film),112,words,False
fr.wikipedia.org,Lucien Gasser,35,words,False
fr.wikipedia.org,Menin-Kemmel-Menin,37,words,False
fr.wikipedia.org,Monsieur est servi,60,words,False
fr.wikipedia.org,Opus tessellatum,37,words,False
fr.wikipedia.org,Rhinocosmetus xiphias,12,words,False
fr.wikipedia.org,Silver Springs (Alaska),94,words,False
fr.wikipedia.org,Suez,4,words,False
fr.wikipedia.org,9 Aurigae,62,words,False
fr.wikipedia.org,Accès pernicieux,51,words,False
fr.wikipedia.org,André Maelbrancke,37,words,False
fr.wikipedia.org,Brok,49,words,False
fr.wikipedia.org,Championnat du monde féminin d'échecs 2008,56,words,False
fr.wikipedia.org,Chants et danses de la mort,186,words,False
fr.wikipedia.org,Château de Petit-Bourg,64,words,False
fr.wikipedia.org,Comité de bassin,105,words,False
fr.wikipedia.org,Courcelles (Charente-Maritime),27,words,False
fr.wikipedia.org,Eutelsat 133 West A,141,words,False
fr.wikipedia.org,François Gall,33,words,False
fr.wikipedia.org,Jaude,61,words,False
fr.wikipedia.org,Jean-Luc Pinol,16,words,False
fr.wikipedia.org,Le Grand Monde,132,words,False
fr.wikipedia.org,Patraus,78,words,False
fr.wikipedia.org,Radoslav Brđanin,51,words,False
fr.wikipedia.org,Saut en longueur masculin aux championnats du monde d'athlétisme 1991,123,words,False
fr.wikipedia.org,Vetlanda (commune),23,words,False
fr.wikipedia.org,Ælred de Rievaulx,97,words,False
fr.wikipedia.org,Élections européennes de 2024 en Roumanie,48,words,False
fr.wikipedia.org,61e brigade d'infanterie de marine de la Garde,68,words,False
fr.wikipedia.org,Adam Newman,30,words,False
fr.wikipedia.org,Ange-Régis Hounkpatin,8,words,False
fr.wikipedia.org,Capela (Sergipe),11,words,False
fr.wikipedia.org,Contre-offensive (film),18,words,False
fr.wikipedia.org,Coton Football Club,36,words,False
fr.wikipedia.org,Frits van Seters,31,words,False
fr.wikipedia.org,Gilbert Lauzun,31,words,False
fr.wikipedia.org,Henrik Stehlik,16,words,False
fr.wikipedia.org,Hugues II (évêque de Séez),16,words,False
fr.wikipedia.org,Kayser-Threde,73,words,False
fr.wikipedia.org,Kirton (Nottinghamshire),8,words,False
fr.wikipedia.org,Liparus glabrirostris,21,words,False
fr.wikipedia.org,Mattfeldia,22,words,False
fr.wikipedia.org,Michael Blackwood,27,words,False
fr.wikipedia.org,Nederlandse Omroep Stichting,186,words,False
fr.wikipedia.org,Serpentara,39,words,False
fr.wikipedia.org,Solinus pusillus,12,words,False
fr.wikipedia.org,Sporange,138,words,False
fr.wikipedia.org,Tominosuke Asayama,62,words,False
fr.wikipedia.org,Aznar,18,words,False
fr.wikipedia.org,Bandéla,23,words,False
fr.wikipedia.org,Bataille de Bargaram,21,words,False
fr.wikipedia.org,Belut,28,words,False
fr.wikipedia.org,Brandon Reid,22,words,False
fr.wikipedia.org,Bunuba,29,words,False
fr.wikipedia.org,Charles-Honoré Lannuier,55,words,False
fr.wikipedia.org,Clévilliers,74,words,False
fr.wikipedia.org,Geneviève Laroche,6,words,False
fr.wikipedia.org,Le Fond de la bouteille (film),36,words,False
fr.wikipedia.org,Margarita Ortega,148,words,False
fr.wikipedia.org,Musique basque,191,words,False
fr.wikipedia.org,Mustapha Lemrani,40,words,False
fr.wikipedia.org,Pinito del Oro,43,words,False
fr.wikipedia.org,Saison 2005 de l'équipe cycliste Rabobank,10,words,False
fr.wikipedia.org,Speeton,64,words,False
fr.wikipedia.org,Sulki (Mazovie),63,words,False
fr.wikipedia.org,Time Is on My Side,70,words,False
fr.wikipedia.org,Unterseeboot 982,96,words,False
fr.wikipedia.org,"Zizinho (football, 1962)",32,words,False
fr.wikipedia.org,Adjioun,23,words,False
fr.wikipedia.org,Alcamène (Sparte),194,words,False
fr.wikipedia.org,Antoine Lacène,18,words,False
fr.wikipedia.org,Chaos on Deponia,44,words,False
fr.wikipedia.org,Crise économique vénézuélienne,117,words,False
fr.wikipedia.org,Erythrinus,28,words,False
fr.wikipedia.org,Jugend,38,words,False
fr.wikipedia.org,L'Expédition (album),10,words,False
fr.wikipedia.org,Masaru Inoue (astronome),35,words,False
fr.wikipedia.org,Money in the Bank Ladder match,154,words,False
fr.wikipedia.org,Nelsinho Rosa,48,words,False
fr.wikipedia.org,Obésité aux États-Unis,73,words,False
fr.wikipedia.org,Palomar 4,99,words,False
fr.wikipedia.org,Postulat des géodésiques,26,words,False
fr.wikipedia.org,Puerto Cortés,77,words,False
fr.wikipedia.org,Radoszewnica,42,words,False
fr.wikipedia.org,Tecmo Secret of the Stars: A Fantasy,62,words,False
fr.wikipedia.org,Vaiaku,72,words,False
fr.wikipedia.org,Équipe du Brésil de football à la Copa América 1997,134,words,False
fr.wikipedia.org,États de Corse,15,words,False
fr.wikipedia.org,(27882) Ootanihideji,13,words,False
fr.wikipedia.org,(38541) Rustichelli,9,words,False
fr.wikipedia.org,Championnat du monde féminin de cyclisme contre-la-montre,17,words,False
fr.wikipedia.org,Coupe d'Italie de cyclisme sur route 2018,62,words,False
fr.wikipedia.org,DLC,37,words,False
fr.wikipedia.org,Easy Serving Espresso,115,words,False
fr.wikipedia.org,France libre (homonymie),137,words,False
fr.wikipedia.org,Heinrich Haussler,137,words,False
fr.wikipedia.org,James Stewart Butters,61,words,False
fr.wikipedia.org,Joan Mari Torrealdai,36,words,False
fr.wikipedia.org,L'École buissonnière (Labiche),31,words,False
fr.wikipedia.org,La Jarretière,45,words,False
fr.wikipedia.org,Le Voyageur du Soleil,61,words,False
fr.wikipedia.org,Liste des maires de Tain-l'Hermitage,13,words,False
fr.wikipedia.org,Lynde,17,words,False
fr.wikipedia.org,Margareth Menezes,44,words,False
fr.wikipedia.org,Miro à poitrine blanche,17,words,False
fr.wikipedia.org,Mitrophyllum,38,words,False
fr.wikipedia.org,Sabacon jaegeri,12,words,False
fr.wikipedia.org,Tournoi de tennis d'Istanbul (WTA 2014),65,words,False
fr.wikipedia.org,1957 en architecture,11,words,False
fr.wikipedia.org,Actinodure de Soulié,25,words,False
fr.wikipedia.org,Albert Bartholomé,45,words,False
fr.wikipedia.org,Bataille de Ramadi (2013-2015),38,words,False
fr.wikipedia.org,Bernardston,22,words,False
fr.wikipedia.org,Betina Jozami,96,words,False
fr.wikipedia.org,Brendan Haywood,22,words,False
fr.wikipedia.org,Championnat de squash du British Open féminin 2001,49,words,False
fr.wikipedia.org,Consolidation osseuse,16,words,False
fr.wikipedia.org,Fosse Archevêque,244,words,False
fr.wikipedia.org,Frankie Muniz,42,words,False
fr.wikipedia.org,Georges Cachoux,28,words,False
fr.wikipedia.org,Gerrie Coetzee,21,words,False
fr.wikipedia.org,Jianshanopodia,13,words,False
fr.wikipedia.org,Kassa Overall,18,words,False
fr.wikipedia.org,Ladislav Fouček,52,words,False
fr.wikipedia.org,Phippsburg,23,words,False
fr.wikipedia.org,Seuil décalé,60,words,False
fr.wikipedia.org,Soulbringer,19,words,False
fr.wikipedia.org,Tupković Donji,44,words,False
fr.wikipedia.org,357,10,words,False
fr.wikipedia.org,Apátistvánfalva,58,words,False
fr.wikipedia.org,Assemblée générale du Connecticut,18,words,False
fr.wikipedia.org,Barrage de la baie de Cardiff,68,words,False
fr.wikipedia.org,Coups pour coups,16,words,False
fr.wikipedia.org,Draft d'expansion NBA 1967,464,words,True
fr.wikipedia.org,Joëlle Bergeron,76,words,False
fr.wikipedia.org,Ken Kutaragi,65,words,False
fr.wikipedia.org,Ligne de tramway de Grenoble à Veurey-Voroize,25,words,False
fr.wikipedia.org,Miguel Campos Neto,40,words,False
fr.wikipedia.org,Mikko Kaasalainen,60,words,False
fr.wikipedia.org,Phillip Jones,26,words,False
fr.wikipedia.org,Playmate of the Year (album),124,words,False
fr.wikipedia.org,Prix Paul-Teissonnière,41,words,False
fr.wikipedia.org,Quartier Saint-Ambroise,15,words,False
fr.wikipedia.org,Saison 4 de 9-1-1,17,words,False
fr.wikipedia.org,Sava Mrkalj,48,words,False
fr.wikipedia.org,Toques et clochers,80,words,False
fr.wikipedia.org,Tournoi de tennis de Suède (WTA 2010),68,words,False
fr.wikipedia.org,Yves Rocard,58,words,False
fr.wikipedia.org,(33731) 1999 NM24,19,words,False
fr.wikipedia.org,Aaron Farlow,18,words,False
fr.wikipedia.org,Alliance démocratique pour le renouveau,43,words,False
fr.wikipedia.org,Centrale nucléaire de Greifswald,30,words,False
fr.wikipedia.org,Christiane Lahaie,58,words,False
fr.wikipedia.org,Châtaigneraie (Cantal),25,words,False
fr.wikipedia.org,Château de Bernoville,12,words,False
fr.wikipedia.org,Comté de Dickinson,43,words,False
fr.wikipedia.org,Danemarkskjeret,13,words,False
fr.wikipedia.org,Daniel André Brun,19,words,False
fr.wikipedia.org,David Goodall,97,words,False
fr.wikipedia.org,Fiat Campagnola,30,words,False
fr.wikipedia.org,Konerøya,90,words,False
fr.wikipedia.org,Manzanal de los Infantes,26,words,False
fr.wikipedia.org,Marshmallow Sofa,127,words,False
fr.wikipedia.org,Mosken,10,words,False
fr.wikipedia.org,Perotrochus,76,words,False
fr.wikipedia.org,Popelín,29,words,False
fr.wikipedia.org,Émile Derlin Zinsou,37,words,False
fr.wikipedia.org,Équipe de Russie de rink hockey,40,words,False
de.wikipedia.org,AEJ,26,words,False
de.wikipedia.org,Alireza Haghi,24,words,False
de.wikipedia.org,Bleitellurid,13,words,False
de.wikipedia.org,Bottnischer Meerbusen,373,words,True
de.wikipedia.org,Charles de Moreau,32,words,False
de.wikipedia.org,Comic-Stars gegen Drogen,30,words,False
de.wikipedia.org,Flachwagen,148,words,False
de.wikipedia.org,Gaston de Gerlache de Gomery,36,words,False
de.wikipedia.org,Hongan-ji,67,words,False
de.wikipedia.org,Hà Giang (Provinz),326,words,True
de.wikipedia.org,Ion (Begriffsklärung),286,words,False
de.wikipedia.org,Irwin Scheiner,21,words,False
de.wikipedia.org,Marlborough (Automarke),67,words,False
de.wikipedia.org,Mompha epilobiella,12,words,False
de.wikipedia.org,Rezeptortheorie,22,words,False
de.wikipedia.org,Schloss Leinstetten,37,words,False
de.wikipedia.org,Skellebjerg Sogn,113,words,False
de.wikipedia.org,Verkehrsart,17,words,False
de.wikipedia.org,Wohnungseigentum,22,words,False
de.wikipedia.org,Wong Chung,22,words,False
de.wikipedia.org,AlgorithmWatch,50,words,False
de.wikipedia.org,Arthur Kusterer,31,words,False
de.wikipedia.org,Axén,29,words,False
de.wikipedia.org,Biebertal,22,words,False
de.wikipedia.org,Bâtonnage,24,words,False
de.wikipedia.org,Dachbinder (Holzbau),99,words,False
de.wikipedia.org,Deutsche Meisterschaften im Straßenradsport 2021,54,words,False
de.wikipedia.org,Hofkapelle (Gerblinghausen),26,words,False
de.wikipedia.org,Jan Michaelis,29,words,False
de.wikipedia.org,John Garstang,19,words,False
de.wikipedia.org,Jonathan Foss,67,words,False
de.wikipedia.org,Julio Calcagno,17,words,False
de.wikipedia.org,Liste der Municipios in Jalisco,101,words,False
de.wikipedia.org,Masin (Fluss),19,words,False
de.wikipedia.org,Naturstromspeicher Gaildorf,207,words,False
de.wikipedia.org,"Politics, Philosophy & Economics",76,words,False
de.wikipedia.org,Robert Merrill,25,words,False
de.wikipedia.org,Santiago del Arrabal (Toledo),66,words,False
de.wikipedia.org,The Act (Fernsehserie),42,words,False
de.wikipedia.org,Voisard,33,words,False
de.wikipedia.org,Emotional Man,128,words,False
de.wikipedia.org,Erdene (Begriffsklärung),36,words,False
de.wikipedia.org,Erik von Arnim,25,words,False
de.wikipedia.org,Erste Nowgoroder Chronik,33,words,False
de.wikipedia.org,Gjadër (Fluss),39,words,False
de.wikipedia.org,"Jane Adams (Schauspielerin, 1965)",13,words,False
de.wikipedia.org,Jetzt sprechen die Pistolen,29,words,False
de.wikipedia.org,Klubstation,60,words,False
de.wikipedia.org,Lou Charmelle,20,words,False
de.wikipedia.org,Maurice Nass,18,words,False
de.wikipedia.org,Maximilian Rudolf von Schleinitz,33,words,False
de.wikipedia.org,Nutzfahrzeug/Maße und Gewichte,98,words,False
de.wikipedia.org,Pablo Felipe Teixeira,20,words,False
de.wikipedia.org,Polarbahn (Norwegen),103,words,False
de.wikipedia.org,Saint-Sixte (Loire),71,words,False
de.wikipedia.org,Samantha Murchison,10,words,False
de.wikipedia.org,Strophen im Krieg,112,words,False
de.wikipedia.org,The Old Mill Pond,15,words,False
de.wikipedia.org,Thomas Twining,27,words,False
de.wikipedia.org,Wilhelm Pinsker,15,words,False
de.wikipedia.org,ATP Challenger Morelia,31,words,False
de.wikipedia.org,Brase (Neustadt am Rübenberge),15,words,False
de.wikipedia.org,Cape Town City FC,58,words,False
de.wikipedia.org,Die nackte Maja,37,words,False
de.wikipedia.org,Dámaso Pérez Prado,31,words,False
de.wikipedia.org,Isiah Thomas,92,words,False
de.wikipedia.org,Josef Holub (Autor),21,words,False
de.wikipedia.org,Kabinett Hellwege,18,words,False
de.wikipedia.org,Karl Raichle,94,words,False
de.wikipedia.org,Katharina Binz,57,words,False
de.wikipedia.org,Lipowo (Ostróda),29,words,False
de.wikipedia.org,Liste der Baudenkmale in Bad Liebenwerda,46,words,False
de.wikipedia.org,Liste der Einträge im National Register of Historic Places im Custer County (Colorado),36,words,False
de.wikipedia.org,Mazerationspräparat,30,words,False
de.wikipedia.org,Mechanochemie,88,words,False
de.wikipedia.org,Nicolás González y Pérez,28,words,False
de.wikipedia.org,Open International de Squash de Nantes 2018,153,words,False
de.wikipedia.org,Rebecca Heinrich,15,words,False
de.wikipedia.org,Richard Straube (Politiker),123,words,False
de.wikipedia.org,This Ole Boy,25,words,False
de.wikipedia.org,Chin Sophonpanich,36,words,False
de.wikipedia.org,Crosslauf-Weltmeisterschaften 1986,38,words,False
de.wikipedia.org,Feichtner,67,words,False
de.wikipedia.org,Fischhaus (Schillingsfürst),18,words,False
de.wikipedia.org,Gustav Oehrli,23,words,False
de.wikipedia.org,Haruhiko Satō,20,words,False
de.wikipedia.org,Julius Adam,40,words,False
de.wikipedia.org,Landkreis Oelsnitz,21,words,False
de.wikipedia.org,Lennart von Post,91,words,False
de.wikipedia.org,Les Trois Lacs,114,words,False
de.wikipedia.org,Nomenklatura,75,words,False
de.wikipedia.org,Ostsumba,27,words,False
de.wikipedia.org,Sel,22,words,False
de.wikipedia.org,Sortland,36,words,False
de.wikipedia.org,Symptome der Schizophrenie nach Bleuler,64,words,False
de.wikipedia.org,Taurus (2022),59,words,False
de.wikipedia.org,United Motor & Vehicle Company,11,words,False
de.wikipedia.org,Villa Hauptstraße 11,41,words,False
de.wikipedia.org,Wilhelm Friedrich (Polizeirat),41,words,False
de.wikipedia.org,Österreichische Staatsmeisterschaften in der Leichtathletik 2015,30,words,False
de.wikipedia.org,ATU Cup 2002,49,words,False
de.wikipedia.org,Alois Schifferle,23,words,False
de.wikipedia.org,Bernhard-Kreis,222,words,False
de.wikipedia.org,Bottendorf (Obernholz),14,words,False
de.wikipedia.org,Eberhart Schindewolf,72,words,False
de.wikipedia.org,Gewalten,30,words,False
de.wikipedia.org,Grendel (Begriffsklärung),165,words,False
de.wikipedia.org,Gänsefurth,14,words,False
de.wikipedia.org,Internationales Jahr der biologischen Vielfalt,34,words,False
de.wikipedia.org,Jean-Pierre Timbaud,128,words,False
de.wikipedia.org,Kvaglund Sogn,113,words,False
de.wikipedia.org,Louisabeth Röckel,28,words,False
de.wikipedia.org,Olympische Sommerspiele 1960/Teilnehmer (Indien),69,words,False
de.wikipedia.org,Panzerwerk,20,words,False
de.wikipedia.org,Saint-Lumine-de-Clisson,38,words,False
de.wikipedia.org,Schmela,25,words,False
de.wikipedia.org,"Triton (U-Boot, 1938)",45,words,False
de.wikipedia.org,Windschöpfwerk Kachlin,160,words,False
de.wikipedia.org,Zeche Zur Hoffnung,47,words,False
de.wikipedia.org,Agnes Fay Morgan,23,words,False
de.wikipedia.org,Blaue Zone (Demographie),115,words,False
de.wikipedia.org,Böcklerkrieg,20,words,False
de.wikipedia.org,Cora Stephan,32,words,False
de.wikipedia.org,Diane Johnstone,16,words,False
de.wikipedia.org,Drachenschwanzhügel,36,words,False
de.wikipedia.org,Ellen van Dijk,47,words,False
de.wikipedia.org,Gilbert Simondon,18,words,False
de.wikipedia.org,Gusseiserner Brunnen,23,words,False
de.wikipedia.org,Kunstjahr 1506,6,words,False
de.wikipedia.org,Liste der Orte in der kreisfreien Stadt Ingolstadt,28,words,False
de.wikipedia.org,Mornac-sur-Seudre,27,words,False
de.wikipedia.org,Muttiah Muralitharan International Cricket Stadium,55,words,False
de.wikipedia.org,Rausdorf (Holstein),17,words,False
de.wikipedia.org,Rex Andrew Alarcon,21,words,False
de.wikipedia.org,Wasserburg Flechtingen,29,words,False
de.wikipedia.org,WerStreamt.es,20,words,False
de.wikipedia.org,Wojsław,17,words,False
de.wikipedia.org,Établissement public territorial Paris Ouest La Défense,45,words,False
de.wikipedia.org,1000-km-Rennen auf dem Nürburgring 1979,32,words,False
de.wikipedia.org,Antonio Tonioli,14,words,False
de.wikipedia.org,August Maria Raimund zu Arenberg,51,words,False
de.wikipedia.org,Benum,17,words,False
de.wikipedia.org,Bürgermeisterei Bleialf,66,words,False
de.wikipedia.org,Calisthenics,129,words,False
de.wikipedia.org,Carl Johann Koch,27,words,False
de.wikipedia.org,Darmstädter,106,words,False
de.wikipedia.org,Helmick,29,words,False
de.wikipedia.org,IC 4173,113,words,False
de.wikipedia.org,J. Y. Park,20,words,False
de.wikipedia.org,Kurt Reding,14,words,False
de.wikipedia.org,Liste der Baudenkmäler in Kuckum,44,words,False
de.wikipedia.org,Lithiumsulfid,11,words,False
de.wikipedia.org,Mülforter Straße 158 (Mönchengladbach),34,words,False
de.wikipedia.org,Philip A. Goodwin,35,words,False
de.wikipedia.org,Provinz Santiago,170,words,False
de.wikipedia.org,Traumpfade (Roman),19,words,False
de.wikipedia.org,User Group,48,words,False
de.wikipedia.org,Andreas Røder,28,words,False
de.wikipedia.org,Arthur Ullmann,32,words,False
de.wikipedia.org,Bas van Balen,24,words,False
de.wikipedia.org,Central-Wan Chai Bypass,109,words,False
de.wikipedia.org,Christine Maria Grafinger,27,words,False
de.wikipedia.org,Egon Schlegel,22,words,False
de.wikipedia.org,Ferrum (Zeitschrift),112,words,False
de.wikipedia.org,Glavinitsa Peak,89,words,False
de.wikipedia.org,In the Cut,21,words,False
de.wikipedia.org,Indin Lake,39,words,False
de.wikipedia.org,Liste der Landschaftsschutzgebiete im Landkreis Coburg,10,words,False
de.wikipedia.org,Martin von Porres,30,words,False
de.wikipedia.org,Monumento a los caídos en Malvinas,120,words,False
de.wikipedia.org,Nganda,45,words,False
de.wikipedia.org,Plautilia,138,words,False
de.wikipedia.org,Roman einer Verwüstung,52,words,False
de.wikipedia.org,Sandra Rademacher,22,words,False
de.wikipedia.org,Teenage Mutant Ninja Turtles (Arcade-Spiel),130,words,False
de.wikipedia.org,Wolfgang Lempert,16,words,False
de.wikipedia.org,Zedlitz (Murow),22,words,False
de.wikipedia.org,Aglaoapis,75,words,False
de.wikipedia.org,Artemi Iwanowitsch Woronzow,30,words,False
de.wikipedia.org,Giovanni Orseolo,182,words,False
de.wikipedia.org,Jaroslav Brabec (Leichtathlet),106,words,False
de.wikipedia.org,John Thomas Graves,22,words,False
de.wikipedia.org,Katzenbach (Hütschenhausen),19,words,False
de.wikipedia.org,Kirk Maltby,99,words,False
de.wikipedia.org,Kurt Johnsson,15,words,False
de.wikipedia.org,Kurt Schwaen,20,words,False
de.wikipedia.org,Manufacturing Excellence Award,79,words,False
de.wikipedia.org,Michael Lombardi,41,words,False
de.wikipedia.org,Mötlas,33,words,False
de.wikipedia.org,Peter Sauermann,19,words,False
de.wikipedia.org,Pronja (Oka),17,words,False
de.wikipedia.org,Puccinia crinitae,40,words,False
de.wikipedia.org,Saba Conservation Foundation,34,words,False
de.wikipedia.org,Sons of Seasons,15,words,False
de.wikipedia.org,Stephen F. Cohen,55,words,False
de.wikipedia.org,The Sleeping,89,words,False
de.wikipedia.org,Win Mortimer,19,words,False
it.wikipedia.org,1416,13,words,False
it.wikipedia.org,21663 Banat,32,words,False
it.wikipedia.org,Aut aut (rivista),16,words,False
it.wikipedia.org,Elemento strutturante,104,words,False
it.wikipedia.org,Episodi di Hudson & Rex (seconda stagione),101,words,False
it.wikipedia.org,Gherarducci,27,words,False
it.wikipedia.org,Glyptodon,48,words,False
it.wikipedia.org,Goffredo Matassi,18,words,False
it.wikipedia.org,Içara,22,words,False
it.wikipedia.org,Kangia,96,words,False
it.wikipedia.org,Merce in conto deposito,303,words,True
it.wikipedia.org,Milano,389,words,True
it.wikipedia.org,Mongiana,31,words,False
it.wikipedia.org,Nazionale maschile under 18 di calcio del Portogallo,30,words,False
it.wikipedia.org,Oberloschwitz,48,words,False
it.wikipedia.org,Santa Teresa Club Deportivo,63,words,False
it.wikipedia.org,Sonatina,451,words,True
it.wikipedia.org,Talaricano,26,words,False
it.wikipedia.org,U.S. Men's Clay Court Championships 1972 - Singolare,38,words,False
it.wikipedia.org,Wonjong di Goryeo,72,words,False
it.wikipedia.org,April March,75,words,False
it.wikipedia.org,Arne Johansen,10,words,False
it.wikipedia.org,Daniel Califano,26,words,False
it.wikipedia.org,De Leon Springs,19,words,False
it.wikipedia.org,Derek Humphry,129,words,False
it.wikipedia.org,Dobl-Zwaring,43,words,False
it.wikipedia.org,Episodi di Agente speciale Sue Thomas (terza stagione),47,words,False
it.wikipedia.org,Friedrich Wilhelm von Steuben,69,words,False
it.wikipedia.org,Gran Premio del Belgio 2023,110,words,False
it.wikipedia.org,La forza del campione,31,words,False
it.wikipedia.org,Nils Ahnlund,41,words,False
it.wikipedia.org,Orchestre Philharmonique de Monte-Carlo,32,words,False
it.wikipedia.org,Otylia Jędrzejczak,41,words,False
it.wikipedia.org,Prima Divisione 1935 (pallacanestro maschile),23,words,False
it.wikipedia.org,Sabine Völker,14,words,False
it.wikipedia.org,Sicklinghall,14,words,False
it.wikipedia.org,Sołectwo,42,words,False
it.wikipedia.org,Wipeout (serie),14,words,False
it.wikipedia.org,Xenosaga Episode I: Der Wille zur Macht,99,words,False
it.wikipedia.org,Świerzno,28,words,False
it.wikipedia.org,Alberto Castellani,21,words,False
it.wikipedia.org,Beng Rovigo Volley 2014-2015,16,words,False
it.wikipedia.org,Bill Pope,38,words,False
it.wikipedia.org,Brunei ai Giochi della XXIV Olimpiade,27,words,False
it.wikipedia.org,Buchholz in der Nordheide,33,words,False
it.wikipedia.org,Essey-la-Côte,20,words,False
it.wikipedia.org,Fundu Moldovei,126,words,False
it.wikipedia.org,Fussball-Club Rot-Weiß Erfurt 2022-2023,16,words,False
it.wikipedia.org,Ivan il Terribile e suo figlio Ivan,57,words,False
it.wikipedia.org,La guerra di Tom Grattan,131,words,False
it.wikipedia.org,La leggenda di Mor'du,15,words,False
it.wikipedia.org,Marezzatura (legno),114,words,False
it.wikipedia.org,Monocentris japonica,15,words,False
it.wikipedia.org,Of Dawn and of Ice,21,words,False
it.wikipedia.org,Pilot Kids,30,words,False
it.wikipedia.org,Proedro (titolo bizantino),34,words,False
it.wikipedia.org,ROOD,20,words,False
it.wikipedia.org,Soiano del Lago,24,words,False
it.wikipedia.org,Sono un fan,26,words,False
it.wikipedia.org,Taupatie,28,words,False
it.wikipedia.org,Alta Madera,9,words,False
it.wikipedia.org,Ballarò (Palermo),21,words,False
it.wikipedia.org,Barbuda,52,words,False
it.wikipedia.org,Casalinga di Voghera,256,words,False
it.wikipedia.org,David Parry,30,words,False
it.wikipedia.org,David Smith (pallavolista),14,words,False
it.wikipedia.org,Gaio Valerio Catullo,69,words,False
it.wikipedia.org,Hans Jørgen Darre-Jenssen,19,words,False
it.wikipedia.org,"His Friend, the Undertaker",14,words,False
it.wikipedia.org,Jordan Valeriote,41,words,False
it.wikipedia.org,Monumento a Carlo Goldoni (Firenze),25,words,False
it.wikipedia.org,Ol'ga Šunejkina,24,words,False
it.wikipedia.org,Pile of Skulls,16,words,False
it.wikipedia.org,Propaganda (Sparks),15,words,False
it.wikipedia.org,Rachel Harrison,17,words,False
it.wikipedia.org,Rodrigo Lemos,17,words,False
it.wikipedia.org,Rokytnice nad Rokytnou,23,words,False
it.wikipedia.org,SpaceX Crew-13,122,words,False
it.wikipedia.org,Strada europea E38,25,words,False
it.wikipedia.org,Thomas White,53,words,False
it.wikipedia.org,985,12,words,False
it.wikipedia.org,Beliziano-americani,27,words,False
it.wikipedia.org,Campionati del mondo di ciclismo su strada 2022 - Cronometro femminile Under-23,104,words,False
it.wikipedia.org,Cratere Princeton,8,words,False
it.wikipedia.org,Denny Holman,16,words,False
it.wikipedia.org,Dzn,10,words,False
it.wikipedia.org,Herohalli,40,words,False
it.wikipedia.org,Issum,28,words,False
it.wikipedia.org,Lapageria rosea,32,words,False
it.wikipedia.org,Lilian Brassier,13,words,False
it.wikipedia.org,Livio Bacchi Wilcock,19,words,False
it.wikipedia.org,MaDonal,311,words,True
it.wikipedia.org,Madison (Mississippi),18,words,False
it.wikipedia.org,Mount Victory,17,words,False
it.wikipedia.org,Néstor García,17,words,False
it.wikipedia.org,Saverio D'Eugenio,7,words,False
it.wikipedia.org,Società di servizio sociale missionario,21,words,False
it.wikipedia.org,Teoria della stima,170,words,False
it.wikipedia.org,Tragedia del Green Cross,55,words,False
it.wikipedia.org,Verrucano Lombardo,117,words,False
it.wikipedia.org,A Breath Taking Guy/(The Man with the) Rock and Roll Banjo Band,24,words,False
it.wikipedia.org,Abraham Alexander,19,words,False
it.wikipedia.org,Adenoviridae,39,words,False
it.wikipedia.org,Amoco,28,words,False
it.wikipedia.org,Andelarre,18,words,False
it.wikipedia.org,Arbnor Muçolli,21,words,False
it.wikipedia.org,Atella (città antica),107,words,False
it.wikipedia.org,Bears,23,words,False
it.wikipedia.org,Bergheim (Troisdorf),18,words,False
it.wikipedia.org,Emily Andras,36,words,False
it.wikipedia.org,Get Ya Mind Correct,46,words,False
it.wikipedia.org,Ghetto D,106,words,False
it.wikipedia.org,Harri Larva,35,words,False
it.wikipedia.org,Il dubbio (film 2008),83,words,False
it.wikipedia.org,Liaoning (portaerei),97,words,False
it.wikipedia.org,Pattara Piyapatrakitti,19,words,False
it.wikipedia.org,Salvator mundi (Tiziano),26,words,False
it.wikipedia.org,Ulrika Nordberg,8,words,False
it.wikipedia.org,Walter Frank,23,words,False
it.wikipedia.org,Ágora,78,words,False
it.wikipedia.org,Amaro dell'Etna,29,words,False
it.wikipedia.org,Anna Jurčenková,10,words,False
it.wikipedia.org,Claude Brasseur,22,words,False
it.wikipedia.org,Dialetti italiani centromeridionali,44,words,False
it.wikipedia.org,Episodi di Julia - Eine ungewöhnliche Frau (terza stagione),30,words,False
it.wikipedia.org,Gian Paolo Guidetti,13,words,False
it.wikipedia.org,Guglielmo Raimondo I di Moncada,37,words,False
it.wikipedia.org,Gunna (rapper),15,words,False
it.wikipedia.org,Hannes Grossmann,10,words,False
it.wikipedia.org,Mickey Walker,105,words,False
it.wikipedia.org,Museo mineralogico campano,40,words,False
it.wikipedia.org,Nais Lago,19,words,False
it.wikipedia.org,Paramuricea,11,words,False
it.wikipedia.org,Robert Frank (personaggio),49,words,False
it.wikipedia.org,Robert Koldewey,42,words,False
it.wikipedia.org,Royal Antwerp Football Club,134,words,False
it.wikipedia.org,Screamo,67,words,False
it.wikipedia.org,Tessera (esogeologia),57,words,False
it.wikipedia.org,The Drugs Don't Work,28,words,False
it.wikipedia.org,"252ª Divisione ""Sinai""",47,words,False
it.wikipedia.org,Cicerone (casa editrice),60,words,False
it.wikipedia.org,Come Early Morning,17,words,False
it.wikipedia.org,Eaux-Puiseaux,17,words,False
it.wikipedia.org,Edwin Wood,23,words,False
it.wikipedia.org,Entente Sportive Le Cannet-Rocheville Volley-Ball 2011-2012,17,words,False
it.wikipedia.org,LEGO Ninjago: Nindroids,64,words,False
it.wikipedia.org,La signora del West,52,words,False
it.wikipedia.org,Labyrinth (videogioco 1986),97,words,False
it.wikipedia.org,Lower Saloum,22,words,False
it.wikipedia.org,Maria Teresa Cybo-Malaspina,81,words,False
it.wikipedia.org,Nakajō Fujisuke,18,words,False
it.wikipedia.org,Precollinear Park,34,words,False
it.wikipedia.org,Quinto Lollio Urbico,83,words,False
it.wikipedia.org,Sandy Kenyon,13,words,False
it.wikipedia.org,Scuola di nudo,90,words,False
it.wikipedia.org,Simona dalla Chiesa,15,words,False
it.wikipedia.org,Supercoppa di Germania 1992,73,words,False
it.wikipedia.org,Valentina Cernoia,61,words,False
it.wikipedia.org,Anthyllis vulneraria,21,words,False
it.wikipedia.org,Capestrano,98,words,False
it.wikipedia.org,Coopernic,340,words,True
it.wikipedia.org,Eugenio Bonivento,16,words,False
it.wikipedia.org,Ferrovia Digione-Vallorbe,245,words,False
it.wikipedia.org,Flag football ai Giochi mondiali 2025,39,words,False
it.wikipedia.org,Gary Chalk,8,words,False
it.wikipedia.org,Ghiacciaio Giridava,83,words,False
it.wikipedia.org,Giovanni Meloni,10,words,False
it.wikipedia.org,ISO 3166-3,512,words,True
it.wikipedia.org,Misty Oldland,16,words,False
it.wikipedia.org,NGC 2598,27,words,False
it.wikipedia.org,Ngu Facula,11,words,False
it.wikipedia.org,Ospedale Civile Maggiore,65,words,False
it.wikipedia.org,Three Rivers (Nuovo Messico),20,words,False
it.wikipedia.org,Trasporti e vie di comunicazione della zona di Imperia,62,words,False
it.wikipedia.org,Università Carlo Cattaneo,35,words,False
it.wikipedia.org,Unseen Forces,20,words,False
it.wikipedia.org,Victor Colomban Dreyer,26,words,False
it.wikipedia.org,Ángeles S.A.,16,words,False
it.wikipedia.org,15544 Hushicheng,38,words,False
it.wikipedia.org,Acanthochirana,42,words,False
it.wikipedia.org,Cantone di Saint-Aulaye,35,words,False
it.wikipedia.org,Chira (fiume),16,words,False
it.wikipedia.org,Condizionamento operante,34,words,False
it.wikipedia.org,Episodi di Zorro (serie televisiva 1990) (seconda stagione),16,words,False
it.wikipedia.org,Gherardo Amadei,38,words,False
it.wikipedia.org,Giulio De Benedetti,25,words,False
it.wikipedia.org,Giunta regionale,93,words,False
it.wikipedia.org,Holmes Osborne,11,words,False
it.wikipedia.org,Isole Fay,15,words,False
it.wikipedia.org,Lion-sur-Mer,18,words,False
it.wikipedia.org,Longpont,19,words,False
it.wikipedia.org,Monti Džardžanskij,35,words,False
it.wikipedia.org,NCAA Division I 2011,18,words,False
it.wikipedia.org,Pieve di San Pietro (Bagno a Ripoli),26,words,False
it.wikipedia.org,The Singles (Edguy),62,words,False
it.wikipedia.org,West Peoria,17,words,False
ja.wikipedia.org,12GEMs,184,chars,False
ja.wikipedia.org,AFCユース選手権1974,132,chars,False
ja.wikipedia.org,S/Normally,73,chars,False
ja.wikipedia.org,お楽しみ箱〜モノクロの虹〜,56,chars,False
ja.wikipedia.org,ぽかぽか森のラスカル,323,chars,False
ja.wikipedia.org,サングラーマグナンジャヤ王,139,chars,False
ja.wikipedia.org,サン・ビアージョ・サラチニスコ,87,chars,False
ja.wikipedia.org,スピリチュアル・ビースト,378,chars,False
ja.wikipedia.org,スルターン・ハーシム・アフマド・アッ＝ターイー,129,chars,False
ja.wikipedia.org,バルト・キングダム,124,chars,False
ja.wikipedia.org,ピペリジン,121,chars,False
ja.wikipedia.org,ライリー・ホヘパ,94,chars,False
ja.wikipedia.org,ロングマン現代アメリカ英語辞典,137,chars,False
ja.wikipedia.org,国鉄491系電車,118,chars,False
ja.wikipedia.org,大山裕,120,chars,False
ja.wikipedia.org,拓跋禄官,108,chars,False
ja.wikipedia.org,潭陽警察署,36,chars,False
ja.wikipedia.org,石橋幸太郎,101,chars,False
ja.wikipedia.org,胡 (春秋),42,chars,False
ja.wikipedia.org,陳,191,chars,False
ja.wikipedia.org,UEFAカンファレンスリーグ 2024-25 リーグフェーズ,219,chars,False
ja.wikipedia.org,うつくしま大橋,74,chars,False
ja.wikipedia.org,おたくのやどかり,32,chars,False
ja.wikipedia.org,アイスランド関係記事の一覧,32,chars,False
ja.wikipedia.org,アサンブレ・ナシオナル駅,168,chars,False
ja.wikipedia.org,ビビアン・バション,138,chars,False
ja.wikipedia.org,フロリン・ボルツァ,111,chars,False
ja.wikipedia.org,プロテインジスルフィドイソメラーゼ,247,chars,False
ja.wikipedia.org,北海道道293号温根別剣淵停車場線,83,chars,False
ja.wikipedia.org,夜警 (絵画),281,chars,False
ja.wikipedia.org,張江路駅,70,chars,False
ja.wikipedia.org,御難おむすび,285,chars,False
ja.wikipedia.org,日本ネットワークイネイブラー,178,chars,False
ja.wikipedia.org,海塚新八 (1847年生の実業家),133,chars,False
ja.wikipedia.org,潮見小学校,114,chars,False
ja.wikipedia.org,神大寺中央公園,114,chars,False
ja.wikipedia.org,竹内康浩 (アメリカ文学者),46,chars,False
ja.wikipedia.org,綿貫弘,61,chars,False
ja.wikipedia.org,諏訪 (多摩市),52,chars,False
ja.wikipedia.org,近江屋権九郎,36,chars,False
ja.wikipedia.org,2016年リオデジャネイロオリンピックのカンボジア選手団,132,chars,False
ja.wikipedia.org,JR東日本E217系電車,64,chars,False
ja.wikipedia.org,エリザベス・モス,190,chars,False
ja.wikipedia.org,キングダム2 遥かなる大地へ,145,chars,False
ja.wikipedia.org,サザエさん銅像,156,chars,False
ja.wikipedia.org,スティーヴン・ルート,75,chars,False
ja.wikipedia.org,タガメ亜科,191,chars,False
ja.wikipedia.org,ニュートン・ローウェル,214,chars,False
ja.wikipedia.org,メイクビリーヴ,87,chars,False
ja.wikipedia.org,二子町 (愛西市),31,chars,False
ja.wikipedia.org,佐志,6,chars,False
ja.wikipedia.org,土岐,7,chars,False
ja.wikipedia.org,在日サモア人,42,chars,False
ja.wikipedia.org,失われた地平線,283,chars,False
ja.wikipedia.org,東通村,31,chars,False
ja.wikipedia.org,清水 (福島市),36,chars,False
ja.wikipedia.org,神田隆久,63,chars,False
ja.wikipedia.org,裏木曽県立自然公園,67,chars,False
ja.wikipedia.org,超伝導サブミリ波リム放射サウンダ,203,chars,False
ja.wikipedia.org,開元寺 (泉州市),36,chars,False
ja.wikipedia.org,Memory Technology Device,545,chars,False
ja.wikipedia.org,VKF,82,chars,False
ja.wikipedia.org,アンドルー・デイヴィス,267,chars,False
ja.wikipedia.org,ウォールトン伯爵,343,chars,False
ja.wikipedia.org,シンカフェ,220,chars,False
ja.wikipedia.org,ダダル郡,120,chars,False
ja.wikipedia.org,ハリー・アーノルド,558,chars,True
ja.wikipedia.org,マウント・クーサ,113,chars,False
ja.wikipedia.org,モスクワ地下鉄爆破テロ,219,chars,False
ja.wikipedia.org,リトアニア王国 (1251年-1263年),235,chars,False
ja.wikipedia.org,上山盆地,33,chars,False
ja.wikipedia.org,人皮,33,chars,False
ja.wikipedia.org,山口新生児ビタミンK欠乏性出血症死亡事故,120,chars,False
ja.wikipedia.org,昭和天皇の戦争責任論,269,chars,False
ja.wikipedia.org,村山彩希,120,chars,False
ja.wikipedia.org,松乃木神社,256,chars,False
ja.wikipedia.org,江風型駆逐艦,38,chars,False
ja.wikipedia.org,渡部行雄,87,chars,False
ja.wikipedia.org,独立記念日 (ラトビア),95,chars,False
ja.wikipedia.org,蓮華峯寺,44,chars,False
ja.wikipedia.org,(17431) サント＝コロンブ,144,chars,False
ja.wikipedia.org,StrongARM,110,chars,False
ja.wikipedia.org,アイザック・フェリス,95,chars,False
ja.wikipedia.org,イバイガネ,185,chars,False
ja.wikipedia.org,スーパーロボット大戦D,262,chars,False
ja.wikipedia.org,ハイアール,114,chars,False
ja.wikipedia.org,フューネラル (映画),154,chars,False
ja.wikipedia.org,ボイン (俗語),860,chars,True
ja.wikipedia.org,三遊亭青森,54,chars,False
ja.wikipedia.org,星のカービィ (高瀬美恵の小説),67,chars,False
ja.wikipedia.org,春日井市立岩成台小学校,72,chars,False
ja.wikipedia.org,東条城 (曖昧さ回避),144,chars,False
ja.wikipedia.org,松沢盛茂,77,chars,False
ja.wikipedia.org,沢寿郎,73,chars,False
ja.wikipedia.org,法嗣経,133,chars,False
ja.wikipedia.org,溝口直亮,95,chars,False
ja.wikipedia.org,猇亭区,34,chars,False
ja.wikipedia.org,産経新聞東京本社,352,chars,False
ja.wikipedia.org,福岡県立田川高等学校,129,chars,False
ja.wikipedia.org,高見享介,22,chars,False
ja.wikipedia.org,2014年NRW杯,121,chars,False
ja.wikipedia.org,UKR,31,chars,False
ja.wikipedia.org,ふるぽん,82,chars,False
ja.wikipedia.org,カルロ (カラブリア公),102,chars,False
ja.wikipedia.org,カート・シオドマク,121,chars,False
ja.wikipedia.org,ガレスピー,135,chars,False
ja.wikipedia.org,キリスト教の魂により見つめられるキリスト,397,chars,False
ja.wikipedia.org,サンロード青森,196,chars,False
ja.wikipedia.org,シルヴィウス・ブラボー,300,chars,False
ja.wikipedia.org,ジョージ・ケリー (野球),167,chars,False
ja.wikipedia.org,タマーラ・トゥマーノワ,462,chars,False
ja.wikipedia.org,デヴィッド・ロウ (作曲家),119,chars,False
ja.wikipedia.org,ドリフトスピリッツ,111,chars,False
ja.wikipedia.org,モルニ賞,178,chars,False
ja.wikipedia.org,切山 (島田市),19,chars,False
ja.wikipedia.org,千田貞雄,77,chars,False
ja.wikipedia.org,大島淳史,52,chars,False
ja.wikipedia.org,星野愷,73,chars,False
ja.wikipedia.org,桐さと実,95,chars,False
ja.wikipedia.org,菊崎貫一,126,chars,False
ja.wikipedia.org,A24,3,chars,False
ja.wikipedia.org,Big Wave〜波に乗れ!ナゴヤの地デジ,166,chars,False
ja.wikipedia.org,LLSVP,274,chars,False
ja.wikipedia.org,カルコ,60,chars,False
ja.wikipedia.org,クロード・ヴィニョン,116,chars,False
ja.wikipedia.org,グマ村,106,chars,False
ja.wikipedia.org,サモテリウム,393,chars,False
ja.wikipedia.org,セネガル川,229,chars,False
ja.wikipedia.org,ツォゼルグ,531,chars,False
ja.wikipedia.org,ナザレス (バンド),92,chars,False
ja.wikipedia.org,ペランパネル,315,chars,False
ja.wikipedia.org,リチャード・シェファード,91,chars,False
ja.wikipedia.org,ロリス・チェクナヴォリアン,120,chars,False
ja.wikipedia.org,ヴィットーリア,103,chars,False
ja.wikipedia.org,一貫性 (単位系),498,chars,False
ja.wikipedia.org,巴山駅,180,chars,False
ja.wikipedia.org,福田朋英,123,chars,False
ja.wikipedia.org,音の犯罪捜査官 響奈津子,98,chars,False
ja.wikipedia.org,高木章,112,chars,False
ja.wikipedia.org,齊藤陽介,82,chars,False
ja.wikipedia.org,SBS杯連勝囲碁最強戦,99,chars,False
ja.wikipedia.org,オーディン古細菌,164,chars,False
ja.wikipedia.org,カレリアントレインズSm6電車,855,chars,True
ja.wikipedia.org,ガンダムF90 (架空の兵器),369,chars,False
ja.wikipedia.org,ジョンデル・カディス,126,chars,False
ja.wikipedia.org,デウソン神戸,89,chars,False
ja.wikipedia.org,トリリオンカット,105,chars,False
ja.wikipedia.org,ヴルシェツ,660,chars,True
ja.wikipedia.org,兵庫県立飾磨工業高等学校,126,chars,False
ja.wikipedia.org,小松食品 (曖昧さ回避),280,chars,False
ja.wikipedia.org,横島 (広島県福山市),19,chars,False
ja.wikipedia.org,浅岡雄也,143,chars,False
ja.wikipedia.org,清須料金所,56,chars,False
ja.wikipedia.org,獣の数字,128,chars,False
ja.wikipedia.org,画像処理,139,chars,False
ja.wikipedia.org,石橋直,74,chars,False
ja.wikipedia.org,第2次岸田内閣,138,chars,False
ja.wikipedia.org,都留勝利,56,chars,False
ja.wikipedia.org,重砲のプレゼント,102,chars,False
ja.wikipedia.org,オレイサ (カンザス州),266,chars,False
ja.wikipedia.org,ガンビア (軽巡洋艦),71,chars,False
ja.wikipedia.org,ニキータ (テレビドラマ),278,chars,False
ja.wikipedia.org,フォーブス・マーチ,63,chars,False
ja.wikipedia.org,三菱・ショーグン,159,chars,False
ja.wikipedia.org,倫雅美術奨励賞,226,chars,False
ja.wikipedia.org,八幡社古墳群,55,chars,False
ja.wikipedia.org,劇団ワンツーワークス,219,chars,False
ja.wikipedia.org,加藤海運,62,chars,False
ja.wikipedia.org,岩堀せり,90,chars,False
ja.wikipedia.org,嶺井美穂,159,chars,False
ja.wikipedia.org,川上冬崖,120,chars,False
ja.wikipedia.org,旭川赤十字病院,39,chars,False
ja.wikipedia.org,朝山正悟,163,chars,False
ja.wikipedia.org,甲状腺,83,chars,False
ja.wikipedia.org,石川県道122号加賀笠間停車場線,65,chars,False
ja.wikipedia.org,藤井寺市立藤井寺中学校,52,chars,False
ja.wikipedia.org,豊竹団司,319,chars,False
ja.wikipedia.org,香川県道184号綾川府中線,65,chars,False
ja.wikipedia.org,高良崚太,49,chars,False
ja.wikipedia.org,NFL50インターセプト以上選手の一覧,81,chars,False
ja.wikipedia.org,VC福岡,120,chars,False
ja.wikipedia.org,たったひとつのたからもの,179,chars,False
ja.wikipedia.org,なっちゃん家,180,chars,False
ja.wikipedia.org,はじかみ,93,chars,False
ja.wikipedia.org,アサニー・ワサン,64,chars,False
ja.wikipedia.org,オールドクロウ,607,chars,True
ja.wikipedia.org,デスザラス,79,chars,False
ja.wikipedia.org,フィリップス郡 (モンタナ州),260,chars,False
ja.wikipedia.org,フリッツ・ホフマン・ラ・ロシュ,115,chars,False
ja.wikipedia.org,マルケルス2世 (ローマ教皇),505,chars,False
ja.wikipedia.org,ヴェロニク (ロケット),30,chars,False
ja.wikipedia.org,南多夫施駅,76,chars,False
ja.wikipedia.org,岩本乃蒼,42,chars,False
ja.wikipedia.org,於夫羅,121,chars,False
ja.wikipedia.org,武井政二,59,chars,False
ja.wikipedia.org,芦北町立吉尾小学校,93,chars,False
ja.wikipedia.org,藤田元治,58,chars,False
ja.wikipedia.org,高橋橘太郎,64,chars,False
ja.wikipedia.org,高須順一,140,chars,False
ru.wikipedia.org,"Адамс, Никола",40,words,False
ru.wikipedia.org,Бозша (Павлодарская область),21,words,False
ru.wikipedia.org,Буханка,23,words,False
ru.wikipedia.org,"Вацик, Павел Иванович",37,words,False
ru.wikipedia.org,Вронский,35,words,False
ru.wikipedia.org,"Д’Агюяр, Фред",12,words,False
ru.wikipedia.org,Инструкция (информатика),210,words,False
ru.wikipedia.org,История евреев в Исландии,32,words,False
ru.wikipedia.org,Марго,10,words,False
ru.wikipedia.org,Мичуриновка (Крым),21,words,False
ru.wikipedia.org,Особняк Фрика,131,words,False
ru.wikipedia.org,Психоз 2 (роман),98,words,False
ru.wikipedia.org,"Смит, Янине",24,words,False
ru.wikipedia.org,Старый Майдан (Львовская область),36,words,False
ru.wikipedia.org,"Телфер, Райан",16,words,False
ru.wikipedia.org,Хами (пустыня),47,words,False
ru.wikipedia.org,Храм Свято-казанской иконы Божией Матери,14,words,False
ru.wikipedia.org,Царичина,20,words,False
ru.wikipedia.org,Шлюха 2,27,words,False
ru.wikipedia.org,Элергытгын,97,words,False
ru.wikipedia.org,2025 год в науке,10,words,False
ru.wikipedia.org,MC Вспышкин,122,words,False
ru.wikipedia.org,"Ашеров, Акива Товиевич",25,words,False
ru.wikipedia.org,Багамские Острова на летних Олимпийских играх 2004,37,words,False
ru.wikipedia.org,Беркакит (станция),23,words,False
ru.wikipedia.org,"Вамперс, Жан-Мари",29,words,False
ru.wikipedia.org,Война в Западной Сахаре,69,words,False
ru.wikipedia.org,"Вотерс, Жозеф",30,words,False
ru.wikipedia.org,Город под названием Милосердие,263,words,False
ru.wikipedia.org,"Здрестов, Степан Михайлович",39,words,False
ru.wikipedia.org,Кабанабона,34,words,False
ru.wikipedia.org,"Кожевников, Михаил",25,words,False
ru.wikipedia.org,Население Хабаровского края,25,words,False
ru.wikipedia.org,Оптиконевромиелит,489,words,True
ru.wikipedia.org,"Пак, Николай (Герой Социалистического Труда, 1951)",31,words,False
ru.wikipedia.org,Патхумтхани (значения),16,words,False
ru.wikipedia.org,"Перкинс, Оз",62,words,False
ru.wikipedia.org,Трилогия Генрика Сенкевича,73,words,False
ru.wikipedia.org,Фторид никеля(IV),17,words,False
ru.wikipedia.org,"Чухнов, Евгений Александрович",12,words,False
ru.wikipedia.org,(3180) Морган,33,words,False
ru.wikipedia.org,Kokotschashvilia eberhardi,95,words,False
ru.wikipedia.org,MN Волос Вероники,35,words,False
ru.wikipedia.org,NGC 3662,53,words,False
ru.wikipedia.org,Белица (Силистренская область),19,words,False
ru.wikipedia.org,Войны Империй,38,words,False
ru.wikipedia.org,Диселенид гольмия,13,words,False
ru.wikipedia.org,Зинн,44,words,False
ru.wikipedia.org,Лагутовка (Башкортостан),16,words,False
ru.wikipedia.org,"Лешерн фон Герценфельд, Иван Карлович",26,words,False
ru.wikipedia.org,"Любовь после полудня (фильм, 1972)",19,words,False
ru.wikipedia.org,"Маркин, Владимир Ильич",49,words,False
ru.wikipedia.org,Орден «Знамя Труда» (ГДР),7,words,False
ru.wikipedia.org,Сахтурис,40,words,False
ru.wikipedia.org,Старая Михайловка (Полтавская область),27,words,False
ru.wikipedia.org,Суперкубок УЕФА 2022,43,words,False
ru.wikipedia.org,Т-скан,168,words,False
ru.wikipedia.org,"Федякин, Андрей Анатольевич",101,words,False
ru.wikipedia.org,"Фомин, Александр Васильевич (генерал)",56,words,False
ru.wikipedia.org,"Хобарт, Джон, 2-й граф Бакингемшир",25,words,False
ru.wikipedia.org,1279 год,37,words,False
ru.wikipedia.org,Chondrocladia lyra,118,words,False
ru.wikipedia.org,"Белоглазова, Ольга Александровна",12,words,False
ru.wikipedia.org,Большие Ремезёнки,23,words,False
ru.wikipedia.org,Большое Щапово,19,words,False
ru.wikipedia.org,Бурич,92,words,False
ru.wikipedia.org,Ветреничка алтайская,15,words,False
ru.wikipedia.org,Голод в СССР (1932—1933),39,words,False
ru.wikipedia.org,Гразульф II,18,words,False
ru.wikipedia.org,Завтрак гребцов,27,words,False
ru.wikipedia.org,"Консепсьон (департамент, Мисьонес)",31,words,False
ru.wikipedia.org,"Кушинг (тауншип, Миннесота)",18,words,False
ru.wikipedia.org,Майса,38,words,False
ru.wikipedia.org,Никола Зимний,40,words,False
ru.wikipedia.org,Новогутово,13,words,False
ru.wikipedia.org,"Н’Джи, Пьер Сарр",84,words,False
ru.wikipedia.org,"Павлов, Юрий Викторович",35,words,False
ru.wikipedia.org,Сатня,63,words,False
ru.wikipedia.org,Список населённых пунктов Оргеевского района,47,words,False
ru.wikipedia.org,Тёмная (приток Дорожной),72,words,False
ru.wikipedia.org,(3616) Глазунов,36,words,False
ru.wikipedia.org,Oxalis palmifrons,20,words,False
ru.wikipedia.org,The Legend of Heroes: Trails from Zero,136,words,False
ru.wikipedia.org,Unapologetic,376,words,True
ru.wikipedia.org,"Бесперстов, Яков Тарасович",37,words,False
ru.wikipedia.org,Брягово,19,words,False
ru.wikipedia.org,"Бьёрк, Стуре",70,words,False
ru.wikipedia.org,Вишнёвое (Волгоградская область),17,words,False
ru.wikipedia.org,Едлино (Пуховичский район),17,words,False
ru.wikipedia.org,Крутицкая улица,12,words,False
ru.wikipedia.org,"Линдай, Маркус",18,words,False
ru.wikipedia.org,Л’Этан-Вержи,29,words,False
ru.wikipedia.org,Межпроцессное взаимодействие,130,words,False
ru.wikipedia.org,Плерома (значения),69,words,False
ru.wikipedia.org,Потенца (река),85,words,False
ru.wikipedia.org,Стебель,21,words,False
ru.wikipedia.org,"Тонти, Альдо",23,words,False
ru.wikipedia.org,Ульяновка (Башмаковский район),18,words,False
ru.wikipedia.org,Хайди (опоссум),126,words,False
ru.wikipedia.org,Шафран долинный,19,words,False
ru.wikipedia.org,Melodifestivalen 2021,69,words,False
ru.wikipedia.org,National Western Life insurance company,85,words,False
ru.wikipedia.org,Боэссе,25,words,False
ru.wikipedia.org,Буралы (Илишевский район),17,words,False
ru.wikipedia.org,"Дьюлаи, Жолт",151,words,False
ru.wikipedia.org,Ерунаково,23,words,False
ru.wikipedia.org,Кипрская Стромынская икона Божией Матери,43,words,False
ru.wikipedia.org,"Кун, Карлтон",156,words,False
ru.wikipedia.org,Лемболово (деревня),11,words,False
ru.wikipedia.org,Любин (Злынковский район),27,words,False
ru.wikipedia.org,Марсиковетере,44,words,False
ru.wikipedia.org,Министерство транспорта Великобритании,27,words,False
ru.wikipedia.org,Патара-Гориджвари,15,words,False
ru.wikipedia.org,Первенство РСФСР по футболу среди сборных команд городов 1920,54,words,False
ru.wikipedia.org,Собор Святой Марии (Абердин),29,words,False
ru.wikipedia.org,Список объектов всемирного наследия ЮНЕСКО в Египте,72,words,False
ru.wikipedia.org,Ташпулат Хамид,59,words,False
ru.wikipedia.org,"Троцкий, Виталий Николаевич",23,words,False
ru.wikipedia.org,Ферзиково (станция),18,words,False
ru.wikipedia.org,"Фермор, Виллим Виллимович",51,words,False
ru.wikipedia.org,Long Distance Voyager,44,words,False
ru.wikipedia.org,Swing Life Away,141,words,False
ru.wikipedia.org,"Алло, Варшава!",16,words,False
ru.wikipedia.org,Голос моря,45,words,False
ru.wikipedia.org,Договор перестраховки,293,words,False
ru.wikipedia.org,Клируотер,11,words,False
ru.wikipedia.org,Конкурентный антагонист,367,words,True
ru.wikipedia.org,Конча Буйка,67,words,False
ru.wikipedia.org,Красный Пахарь (Смоленская область),68,words,False
ru.wikipedia.org,"Ляпина, Светлана Евгеньевна",51,words,False
ru.wikipedia.org,"Майер, Барбара (кёрлингистка)",36,words,False
ru.wikipedia.org,Майли (ледник),89,words,False
ru.wikipedia.org,"Майнек, Антал",20,words,False
ru.wikipedia.org,Прогонный (Ставропольский край),23,words,False
ru.wikipedia.org,Пулейигль,35,words,False
ru.wikipedia.org,"Райсуке, Джосайя",50,words,False
ru.wikipedia.org,"Рудаков, Леонид Николаевич",17,words,False
ru.wikipedia.org,Сальварсан,55,words,False
ru.wikipedia.org,Футурополис (поселение),47,words,False
ru.wikipedia.org,Хаджи-Магомед Уркарахский,11,words,False
ru.wikipedia.org,Coming Home (альбом Pain),25,words,False
ru.wikipedia.org,Euopisthobranchia,57,words,False
ru.wikipedia.org,Rogue Traders,160,words,False
ru.wikipedia.org,Surf’s Up,54,words,False
ru.wikipedia.org,Аршинья,29,words,False
ru.wikipedia.org,Бромид нептуния(III),20,words,False
ru.wikipedia.org,"Брынцев, Иван Михайлович",100,words,False
ru.wikipedia.org,Гора (Полтавский район),26,words,False
ru.wikipedia.org,"Долмат-Исайковский, Франтишек Янович",40,words,False
ru.wikipedia.org,Защита Беккера,20,words,False
ru.wikipedia.org,Императорский вальс,53,words,False
ru.wikipedia.org,Инцидентность (геометрия),371,words,True
ru.wikipedia.org,Колодезянское сельское поселение (Воронежская область),16,words,False
ru.wikipedia.org,"Котик, Валентин Александрович",38,words,False
ru.wikipedia.org,Ландыш майский,42,words,False
ru.wikipedia.org,Притирание,113,words,False
ru.wikipedia.org,Чегет,65,words,False
ru.wikipedia.org,"Чурилов, Юрий Иванович",51,words,False
ru.wikipedia.org,Шоптиколь,29,words,False
ru.wikipedia.org,Юная (станция),23,words,False
ru.wikipedia.org,"Азарной, Фёдор Иванович",35,words,False
ru.wikipedia.org,"Баллин, Камилло",34,words,False
ru.wikipedia.org,"Волобуев, Александр Тарасович",20,words,False
ru.wikipedia.org,Глинне,14,words,False
ru.wikipedia.org,Канариум филиппинский,45,words,False
ru.wikipedia.org,"Кристол, Ирвинг",53,words,False
ru.wikipedia.org,"Кумасиро, Тацуми",29,words,False
ru.wikipedia.org,Кустово (Московская область),26,words,False
ru.wikipedia.org,Мадала,14,words,False
ru.wikipedia.org,Мазурский,31,words,False
ru.wikipedia.org,Орфограммка,51,words,False
ru.wikipedia.org,Отростки ресничного тела,28,words,False
ru.wikipedia.org,"Перов, Александр Николаевич",32,words,False
ru.wikipedia.org,Санебели,14,words,False
ru.wikipedia.org,Серхетабадский этрап,83,words,False
ru.wikipedia.org,"Уайт, Билл",39,words,False
ru.wikipedia.org,Холика (индуизм),45,words,False
ru.wikipedia.org,"Хэнли, Уильям",26,words,False
ru.wikipedia.org,Частотный манёвр,83,words,False
ru.wikipedia.org,Шельмас,27,words,False
ru.wikipedia.org,2-я пехотная дивизия (Болгария),26,words,False
ru.wikipedia.org,BMW в Формуле-1,79,words,False
ru.wikipedia.org,Bos taurus primigenius (значения),51,words,False
ru.wikipedia.org,ISO 3166-2:UM,92,words,False
ru.wikipedia.org,Kimi ga Aruji de Shitsuji ga Ore de,117,words,False
ru.wikipedia.org,Metal Gear Survive,44,words,False
ru.wikipedia.org,UY Большого Пса,39,words,False
ru.wikipedia.org,"Адерс, Эрвин",23,words,False
ru.wikipedia.org,"Боклевский, Константин Петрович",29,words,False
ru.wikipedia.org,Вязовка (Ярославская область),30,words,False
ru.wikipedia.org,Гарбахаррей,25,words,False
ru.wikipedia.org,Заздравный тост,72,words,False
ru.wikipedia.org,Исцеление игрока в покер,21,words,False
ru.wikipedia.org,"Парош, Ахилл",24,words,False
ru.wikipedia.org,Полоса обеспечения,51,words,False
ru.wikipedia.org,Сановка,13,words,False
ru.wikipedia.org,"Сибирский институт бизнеса, управления и психологии",20,words,False
ru.wikipedia.org,Тверичи-СШОР,18,words,False
ru.wikipedia.org,"Трушков, Виктор Васильевич",46,words,False
ru.wikipedia.org,Эль-Пего,37,words,False
zh.wikipedia.org,Gottlieb,100,chars,False
zh.wikipedia.org,Tahoma,302,chars,False
zh.wikipedia.org,于德昌,39,chars,False
zh.wikipedia.org,劳尔·冈萨雷斯 (拳击运动员),101,chars,False
zh.wikipedia.org,勒瓦尔坦,62,chars,False
zh.wikipedia.org,北门街道 (上饶市),35,chars,False
zh.wikipedia.org,卡耳波,258,chars,False
zh.wikipedia.org,双林三桥,98,chars,False
zh.wikipedia.org,古斯帕克连帽衫,477,chars,False
zh.wikipedia.org,布鲁索,65,chars,False
zh.wikipedia.org,楊承禧,116,chars,False
zh.wikipedia.org,毛背云雾杜鹃,72,chars,False
zh.wikipedia.org,皺紋花花介,47,chars,False
zh.wikipedia.org,第24號鋼琴奏鳴曲 (貝多芬),313,chars,False
zh.wikipedia.org,臺北市災害防救辦公室,51,chars,False
zh.wikipedia.org,艾兴贝格,84,chars,False
zh.wikipedia.org,葉茂才,39,chars,False
zh.wikipedia.org,阿莱霍斯,88,chars,False
zh.wikipedia.org,馬島鸚鵡屬,69,chars,False
zh.wikipedia.org,马来西亚航空370号班机空难,1297,chars,True
zh.wikipedia.org,Carius法,57,chars,False
zh.wikipedia.org,Edge (摔角手),434,chars,False
zh.wikipedia.org,中国2010年上海世界博览会印度馆,62,chars,False
zh.wikipedia.org,中国汉字听写大会,170,chars,False
zh.wikipedia.org,八路军总部小东岭旧址,111,chars,False
zh.wikipedia.org,周平 (1970年),145,chars,False
zh.wikipedia.org,太子妃升职记,216,chars,False
zh.wikipedia.org,屯門區,138,chars,False
zh.wikipedia.org,床母 (女神),54,chars,False
zh.wikipedia.org,拉里贾尼,72,chars,False
zh.wikipedia.org,沃爾頓鎮區 (密蘇里州華盛頓縣),46,chars,False
zh.wikipedia.org,箨,278,chars,False
zh.wikipedia.org,紅色蘇打,72,chars,False
zh.wikipedia.org,腓力四世 (馬其頓),156,chars,False
zh.wikipedia.org,讹勃遇,148,chars,False
zh.wikipedia.org,赤松則繁,108,chars,False
zh.wikipedia.org,赤水石杉,71,chars,False
zh.wikipedia.org,里伯,47,chars,False
zh.wikipedia.org,霍顿 (密歇根州),93,chars,False
zh.wikipedia.org,魏因道旁苏尔茨塔尔,101,chars,False
zh.wikipedia.org,747超級滅火機,311,chars,False
zh.wikipedia.org,五權憲法,415,chars,False
zh.wikipedia.org,伊日·拉拉,100,chars,False
zh.wikipedia.org,伯朗大道,307,chars,False
zh.wikipedia.org,佐倉火葬場,69,chars,False
zh.wikipedia.org,兵仗局,154,chars,False
zh.wikipedia.org,卢炜昌,77,chars,False
zh.wikipedia.org,喬霍勒尼鄉,100,chars,False
zh.wikipedia.org,女海盗,38,chars,False
zh.wikipedia.org,宿迁学院,438,chars,False
zh.wikipedia.org,彬州东站,57,chars,False
zh.wikipedia.org,日本國鐵DD12型柴油機車,105,chars,False
zh.wikipedia.org,木島佳苗連續騙婚殺人詐財事件,243,chars,False
zh.wikipedia.org,梁錫璵,117,chars,False
zh.wikipedia.org,约瑟夫·特劳西莱克,111,chars,False
zh.wikipedia.org,茹科夫區,117,chars,False
zh.wikipedia.org,誡子書,154,chars,False
zh.wikipedia.org,達爾文島 (南極洲),84,chars,False
zh.wikipedia.org,金特羅,104,chars,False
zh.wikipedia.org,钝叶草属,68,chars,False
zh.wikipedia.org,Mark V坦克,211,chars,False
zh.wikipedia.org,丹妮爾·費恩伯格,91,chars,False
zh.wikipedia.org,元鹤荡,43,chars,False
zh.wikipedia.org,卡斯特桥市长,238,chars,False
zh.wikipedia.org,塞南 (塔拉戈纳省),73,chars,False
zh.wikipedia.org,张文华 (1926年),56,chars,False
zh.wikipedia.org,從不介意,472,chars,False
zh.wikipedia.org,擁有 (張信哲專輯),203,chars,False
zh.wikipedia.org,显著性差异,809,chars,True
zh.wikipedia.org,普林斯頓 (路易斯安那州),43,chars,False
zh.wikipedia.org,梅酒,160,chars,False
zh.wikipedia.org,檔案羅密歐,196,chars,False
zh.wikipedia.org,流行病学,319,chars,False
zh.wikipedia.org,王德榜,271,chars,False
zh.wikipedia.org,疊氮酸,50,chars,False
zh.wikipedia.org,阿尔戈多纳莱斯,60,chars,False
zh.wikipedia.org,马来西亚经济部,156,chars,False
zh.wikipedia.org,马涅,45,chars,False
zh.wikipedia.org,高昌回鶻,133,chars,False
zh.wikipedia.org,黄雨涵,147,chars,False
zh.wikipedia.org,人民画家,122,chars,False
zh.wikipedia.org,伊克·巴里霍尔茨,180,chars,False
zh.wikipedia.org,何澄輝,170,chars,False
zh.wikipedia.org,公司集團,265,chars,False
zh.wikipedia.org,哈姆拉國家公園,107,chars,False
zh.wikipedia.org,帕洛弗德 (加利福尼亞州),47,chars,False
zh.wikipedia.org,施利希廷,104,chars,False
zh.wikipedia.org,时间就是金钱，效率就是生命,185,chars,False
zh.wikipedia.org,朱塞平娜·莱昂内,114,chars,False
zh.wikipedia.org,杀鼠迷,62,chars,False
zh.wikipedia.org,格哷森札札赉尔,100,chars,False
zh.wikipedia.org,洪堡鎮區 (明尼蘇達州克萊縣),47,chars,False
zh.wikipedia.org,百金花属,70,chars,False
zh.wikipedia.org,竇德明,314,chars,False
zh.wikipedia.org,索厄姆 (新墨西哥州),37,chars,False
zh.wikipedia.org,航空史,347,chars,False
zh.wikipedia.org,蔡美峰,69,chars,False
zh.wikipedia.org,道 (小說),156,chars,False
zh.wikipedia.org,郑州一中站,76,chars,False
zh.wikipedia.org,阿利尼科讷,66,chars,False
zh.wikipedia.org,1981年成文法（廢除）法令,91,chars,False
zh.wikipedia.org,伊那市,95,chars,False
zh.wikipedia.org,佐希爾·凱達切,76,chars,False
zh.wikipedia.org,北極原燈籠魚,107,chars,False
zh.wikipedia.org,北沿江高速公路,81,chars,False
zh.wikipedia.org,基奈河,164,chars,False
zh.wikipedia.org,扎吉里亞 (弗倫濟夫卡區),114,chars,False
zh.wikipedia.org,捷克廣播電台,60,chars,False
zh.wikipedia.org,特别行动卧底篇,241,chars,False
zh.wikipedia.org,環科國際,252,chars,False
zh.wikipedia.org,绝命鸳鸯,68,chars,False
zh.wikipedia.org,维莱讷拉卡雷勒,75,chars,False
zh.wikipedia.org,胡椒鯛,64,chars,False
zh.wikipedia.org,艾丁湖,117,chars,False
zh.wikipedia.org,華德號驅逐艦 (DD-139),320,chars,False
zh.wikipedia.org,里奇蘭鎮區 (密歇根州蒙卡爾姆縣),49,chars,False
zh.wikipedia.org,重固镇,61,chars,False
zh.wikipedia.org,陶园十二间排,52,chars,False
zh.wikipedia.org,首席部長,253,chars,False
zh.wikipedia.org,麻疹病毒,151,chars,False
zh.wikipedia.org,2026年狄爾萊海灘網球公開賽,348,chars,False
zh.wikipedia.org,Evolve,10,chars,False
zh.wikipedia.org,PP細胞,177,chars,False
zh.wikipedia.org,么正杰,40,chars,False
zh.wikipedia.org,于默奥大学,336,chars,False
zh.wikipedia.org,人称,361,chars,False
zh.wikipedia.org,利克蒂夫,108,chars,False
zh.wikipedia.org,前臀太寧燈魚,132,chars,False
zh.wikipedia.org,卢塞,108,chars,False
zh.wikipedia.org,堀田正俊,847,chars,True
zh.wikipedia.org,巴特利特 (新罕布什爾州),37,chars,False
zh.wikipedia.org,彰化縣立芳苑國民中學,62,chars,False
zh.wikipedia.org,桃源站 (韓國),106,chars,False
zh.wikipedia.org,江苏警官学院,207,chars,False
zh.wikipedia.org,海姆理論,309,chars,False
zh.wikipedia.org,玛兹达克,936,chars,True
zh.wikipedia.org,百家姓,148,chars,False
zh.wikipedia.org,诺岛绣眼鸟,89,chars,False
zh.wikipedia.org,马楠苗族彝族乡,126,chars,False
zh.wikipedia.org,鬼影实录：诅咒,184,chars,False
zh.wikipedia.org,18-羟基-11-脱氧皮质酮,120,chars,False
zh.wikipedia.org,KORU,73,chars,False
zh.wikipedia.org,一條教輔,231,chars,False
zh.wikipedia.org,儒略二世墓,437,chars,False
zh.wikipedia.org,克拉嫩堡,100,chars,False
zh.wikipedia.org,刀背山墓地,145,chars,False
zh.wikipedia.org,卡科尔托克,132,chars,False
zh.wikipedia.org,唐鍊,42,chars,False
zh.wikipedia.org,埃内斯特·罗热,100,chars,False
zh.wikipedia.org,小行星6764,97,chars,False
zh.wikipedia.org,希波达莫斯,424,chars,False
zh.wikipedia.org,德吕-帕里尼,127,chars,False
zh.wikipedia.org,朱寘錖,109,chars,False
zh.wikipedia.org,河西玉皇庙,37,chars,False
zh.wikipedia.org,湘邮科技,161,chars,False
zh.wikipedia.org,熊芮,36,chars,False
zh.wikipedia.org,王十万乡,35,chars,False
zh.wikipedia.org,金正恩国防综合大学,124,chars,False
zh.wikipedia.org,阿蒂喬克 (明尼蘇達州),47,chars,False
zh.wikipedia.org,鯨魚谷,298,chars,False
zh.wikipedia.org,2008夏季达沃斯论坛,69,chars,False
zh.wikipedia.org,上海生死劫,305,chars,False
zh.wikipedia.org,乔瓦尼·玛丽亚·维安,120,chars,False
zh.wikipedia.org,俄羅斯入侵烏克蘭時間軸 (2023年7月),27,chars,False
zh.wikipedia.org,太行堤河,149,chars,False
zh.wikipedia.org,奥克尔布市镇,53,chars,False
zh.wikipedia.org,平安祭,302,chars,False
zh.wikipedia.org,建湖县人民医院,57,chars,False
zh.wikipedia.org,新米科拉伊夫卡 (普洛多羅德內市鎮),125,chars,False
zh.wikipedia.org,比亚内·埃尔唐,102,chars,False
zh.wikipedia.org,王庆简,328,chars,False
zh.wikipedia.org,紫甘藍,132,chars,False
zh.wikipedia.org,莱萨沃尼耶尔-韦兰-蒂埃兰,137,chars,False
zh.wikipedia.org,萨德基拉县,205,chars,False
zh.wikipedia.org,諾蘭曲線,372,chars,False
zh.wikipedia.org,達布尼 (阿肯色州),48,chars,False
zh.wikipedia.org,達布尼鎮區 (北卡羅萊納州萬斯縣),45,chars,False
zh.wikipedia.org,雅罗斯拉夫·拉胡塔,117,chars,False
zh.wikipedia.org,霜山朋久,289,chars,False
zh.wikipedia.org,馬鮁屬,48,chars,False
zh.wikipedia.org,休姆·克羅寧,190,chars,False
zh.wikipedia.org,切斯特 (伊利诺伊州),69,chars,False
zh.wikipedia.org,努尔·贾汉,376,chars,False
zh.wikipedia.org,十星偽瓢螢金花蟲,50,chars,False
zh.wikipedia.org,吳嘉儀,60,chars,False
zh.wikipedia.org,威廉十世 (亞奎丹),43,chars,False
zh.wikipedia.org,季振同,74,chars,False
zh.wikipedia.org,定威水族乡,38,chars,False
zh.wikipedia.org,巴拉帕拉姆,56,chars,False
zh.wikipedia.org,斯卡迪山,95,chars,False
zh.wikipedia.org,東園町,270,chars,False
zh.wikipedia.org,王可元,89,chars,False
zh.wikipedia.org,約翰皮納爾機場,45,chars,False
zh.wikipedia.org,綠地詩社,341,chars,False
zh.wikipedia.org,维特里莱兰斯,100,chars,False
zh.wikipedia.org,罗伯特·F·伍德沃德,58,chars,False
zh.wikipedia.org,美国国防分析研究所,181,chars,False
zh.wikipedia.org,菌核曲霉,142,chars,False
zh.wikipedia.org,譚氏眶燈魚,89,chars,False
zh.wikipedia.org,龙寿洋万亩田野公园,56,chars,False
pl.wikipedia.org,Baza namiotowa Muszyna-Złockie,64,words,False
pl.wikipedia.org,Dion-le-Mont,33,words,False
pl.wikipedia.org,Erle Stanley Gardner,107,words,False
pl.wikipedia.org,Hackers Wanted,70,words,False
pl.wikipedia.org,Instytut Nauk o Zdrowiu Uniwersytetu Pomorskiego w Słupsku,18,words,False
pl.wikipedia.org,Itumbiara EC,16,words,False
pl.wikipedia.org,Jaime Roldós Aguilera,26,words,False
pl.wikipedia.org,Jegor Jakowlew (hokeista),20,words,False
pl.wikipedia.org,Nina Stiller,24,words,False
pl.wikipedia.org,Nygus,122,words,False
pl.wikipedia.org,Ondansetron,44,words,False
pl.wikipedia.org,Rocío Jurado,65,words,False
pl.wikipedia.org,Sejm piotrkowski 1493,89,words,False
pl.wikipedia.org,Serie A (1966/1967),36,words,False
pl.wikipedia.org,The Ballad of John and Yoko,68,words,False
pl.wikipedia.org,Ulica Jana Surzyckiego w Krakowie,15,words,False
pl.wikipedia.org,Warth-Weiningen,23,words,False
pl.wikipedia.org,Zabytki w Międzyzdrojach,433,words,True
pl.wikipedia.org,Żurawnica (szczyt),295,words,False
pl.wikipedia.org,Antonio Luna,25,words,False
pl.wikipedia.org,Cudonia,20,words,False
pl.wikipedia.org,Gal (ujednoznacznienie),45,words,False
pl.wikipedia.org,Irene Montrucchio,67,words,False
pl.wikipedia.org,Józef Dużyk,27,words,False
pl.wikipedia.org,Lomné (powiat Stropkov),93,words,False
pl.wikipedia.org,Lotnisko Łask,11,words,False
pl.wikipedia.org,Narodnyja ambasady Biełarusi,34,words,False
pl.wikipedia.org,Ostheim vor der Rhön,63,words,False
pl.wikipedia.org,Patrick O’Donnell (kardynał),27,words,False
pl.wikipedia.org,Phallomycetidae,14,words,False
pl.wikipedia.org,Pialewszczyzna,18,words,False
pl.wikipedia.org,Polska Partia Robotnicza,89,words,False
pl.wikipedia.org,Powiat Higashimorokata,19,words,False
pl.wikipedia.org,Psylot,124,words,False
pl.wikipedia.org,Rusia (piosenkarka),36,words,False
pl.wikipedia.org,Sergio Araujo,20,words,False
pl.wikipedia.org,Vanavälja,17,words,False
pl.wikipedia.org,Vittoria Puccini,11,words,False
pl.wikipedia.org,Ann-Marie MacDonald,31,words,False
pl.wikipedia.org,Apterostigma,7,words,False
pl.wikipedia.org,Arszak Petrosjan,28,words,False
pl.wikipedia.org,Chlorionidea,17,words,False
pl.wikipedia.org,Château Rouge (stacja metra),23,words,False
pl.wikipedia.org,Czarny Lew 777,289,words,False
pl.wikipedia.org,Czechy (Ukraina),19,words,False
pl.wikipedia.org,Farid Zarif,37,words,False
pl.wikipedia.org,Fujimino,55,words,False
pl.wikipedia.org,Grand Prix Monako 1969,45,words,False
pl.wikipedia.org,Haramiya,42,words,False
pl.wikipedia.org,Jerzy Maksymiuk,26,words,False
pl.wikipedia.org,Katastrofa lotu Sabena 548,55,words,False
pl.wikipedia.org,Konsolidacja Obrońców Niepodległości,337,words,True
pl.wikipedia.org,Kościół św. Antoniego Padewskiego w Przemyślu,268,words,False
pl.wikipedia.org,Mirosławice (Mateuszew),43,words,False
pl.wikipedia.org,Newbridge (Kornwalia),22,words,False
pl.wikipedia.org,Okręg wyborczy Easington,25,words,False
pl.wikipedia.org,Sarcobataceae,57,words,False
pl.wikipedia.org,V.S. Naipaul,33,words,False
pl.wikipedia.org,Anian,94,words,False
pl.wikipedia.org,Barbery (Oise),49,words,False
pl.wikipedia.org,Bofarnel,23,words,False
pl.wikipedia.org,Băncești (okręg Vaslui),17,words,False
pl.wikipedia.org,Don’t Drink Evil Things,18,words,False
pl.wikipedia.org,Drenovac (miasto Prokuplje),19,words,False
pl.wikipedia.org,Dziecko Rosemary (powieść),46,words,False
pl.wikipedia.org,Enallagma ebrium,14,words,False
pl.wikipedia.org,Hungate,15,words,False
pl.wikipedia.org,II wiek,103,words,False
pl.wikipedia.org,Jeonju Ongoeul FC,37,words,False
pl.wikipedia.org,Mateusz Murański,25,words,False
pl.wikipedia.org,Mistrzostwa Polski w piłce siatkowej mężczyzn (1950),26,words,False
pl.wikipedia.org,Sarmujawa,35,words,False
pl.wikipedia.org,Starzyno,71,words,False
pl.wikipedia.org,Strzyłki (gmina),59,words,False
pl.wikipedia.org,Súðavíkurhreppur,92,words,False
pl.wikipedia.org,Sączów,43,words,False
pl.wikipedia.org,Ultrarojaliści,45,words,False
pl.wikipedia.org,Andrea Facchin,53,words,False
pl.wikipedia.org,Brito (piłkarz),31,words,False
pl.wikipedia.org,Bystřice u Benešova (stacja kolejowa),30,words,False
pl.wikipedia.org,Chip Knight,18,words,False
pl.wikipedia.org,Dobrodole,16,words,False
pl.wikipedia.org,Eden Park,80,words,False
pl.wikipedia.org,Gauda (król Numidii),12,words,False
pl.wikipedia.org,Igloopol,48,words,False
pl.wikipedia.org,Klauzula prorogacyjna,158,words,False
pl.wikipedia.org,Lasowiak paskowany,22,words,False
pl.wikipedia.org,Latamandau,37,words,False
pl.wikipedia.org,Ligaw,17,words,False
pl.wikipedia.org,Neerlanden,31,words,False
pl.wikipedia.org,Osiedle Moniuszki (Żary),74,words,False
pl.wikipedia.org,Pernille Rosenkrantz-Theil,19,words,False
pl.wikipedia.org,Pistolet ADP,10,words,False
pl.wikipedia.org,Rzutka,98,words,False
pl.wikipedia.org,Surheide (Bremerhaven),16,words,False
pl.wikipedia.org,Szepit (obwód czerniowiecki),34,words,False
pl.wikipedia.org,Victorio Cieslinskas,76,words,False
pl.wikipedia.org,Corinn,14,words,False
pl.wikipedia.org,De Morgen,47,words,False
pl.wikipedia.org,Gospodarka Rzeszowa,94,words,False
pl.wikipedia.org,Heniochus chrysostomus,12,words,False
pl.wikipedia.org,Herb Kraju Permskiego,27,words,False
pl.wikipedia.org,Inocybe fraudans,12,words,False
pl.wikipedia.org,Keisen,31,words,False
pl.wikipedia.org,Mistrzostwa Świata Juniorów w Łyżwiarstwie Szybkim 2009,49,words,False
pl.wikipedia.org,Niegłosy,16,words,False
pl.wikipedia.org,Posada (gmina Wierzbinek),73,words,False
pl.wikipedia.org,Referendarz wielki litewski,90,words,False
pl.wikipedia.org,Romance (album),97,words,False
pl.wikipedia.org,Sentimental Journey (album Emmy Rossum),154,words,False
pl.wikipedia.org,Shpat Kasapi,22,words,False
pl.wikipedia.org,Snake Creek,14,words,False
pl.wikipedia.org,Stanisław Maskowicz,26,words,False
pl.wikipedia.org,Wacław I Luksemburski,198,words,False
pl.wikipedia.org,Waltham (Maine),12,words,False
pl.wikipedia.org,Wonitsa,57,words,False
pl.wikipedia.org,Adam Franciszek Skorupka,26,words,False
pl.wikipedia.org,Bois-Héroult,51,words,False
pl.wikipedia.org,Carmen Dell’Orefice,12,words,False
pl.wikipedia.org,Czesław Florkowski,22,words,False
pl.wikipedia.org,Dupliska,64,words,False
pl.wikipedia.org,Edoardo Zambanini,14,words,False
pl.wikipedia.org,Erik Østrand,40,words,False
pl.wikipedia.org,"Głębokie (Szczecin, 1955–1976)",56,words,False
pl.wikipedia.org,Lolek,36,words,False
pl.wikipedia.org,Lombard (zespół muzyczny),131,words,False
pl.wikipedia.org,Malteny,152,words,False
pl.wikipedia.org,Opuwo,13,words,False
pl.wikipedia.org,Pentastemona,51,words,False
pl.wikipedia.org,Polenhof,33,words,False
pl.wikipedia.org,SQL,47,words,False
pl.wikipedia.org,Salamanca,87,words,False
pl.wikipedia.org,The Time of Knight’s Return,32,words,False
pl.wikipedia.org,Ustawa morska z 1794 roku,36,words,False
pl.wikipedia.org,Vilhelm Johansen,52,words,False
pl.wikipedia.org,Ġnien is-Sultan,90,words,False
pl.wikipedia.org,Agnieszka Skowrońska (fizjolog),39,words,False
pl.wikipedia.org,Alose,33,words,False
pl.wikipedia.org,Amazonka żółtoszyja,26,words,False
pl.wikipedia.org,Claude Sadio,103,words,False
pl.wikipedia.org,Edyta Herbuś,39,words,False
pl.wikipedia.org,Hrabstwo Grant (Arkansas),40,words,False
pl.wikipedia.org,Karem da Silva,12,words,False
pl.wikipedia.org,Konnumäe,50,words,False
pl.wikipedia.org,Longview (zespół muzyczny),11,words,False
pl.wikipedia.org,Matti Lehikoinen,10,words,False
pl.wikipedia.org,Mistrzostwa Europy w Lekkoatletyce 1946 – bieg na 800 m mężczyzn,46,words,False
pl.wikipedia.org,Nicolaas Pieneman,55,words,False
pl.wikipedia.org,Parafia św. Józefa w Raczynie,19,words,False
pl.wikipedia.org,Peugeot 408 (2010),23,words,False
pl.wikipedia.org,SN 2007dt,21,words,False
pl.wikipedia.org,The Mirror Pool,14,words,False
pl.wikipedia.org,Tyb6-3406,65,words,False
pl.wikipedia.org,Vanden Plas,21,words,False
pl.wikipedia.org,Wierchnij Ufalej,40,words,False
pl.wikipedia.org,Występ,18,words,False
pl.wikipedia.org,(73064) 2002 FE11,25,words,False
pl.wikipedia.org,Aleksandr Syczow,18,words,False
pl.wikipedia.org,Banaszkiewicz,91,words,False
pl.wikipedia.org,Franconia (Wirginia),13,words,False
pl.wikipedia.org,Grejač (gmina Aleksinac),19,words,False
pl.wikipedia.org,Heinrich Rüdiger von Ilgen,209,words,False
pl.wikipedia.org,Kopcewicze (stacja kolejowa),36,words,False
pl.wikipedia.org,Leśne Łąki,28,words,False
pl.wikipedia.org,Mistrz Półfigur Kobiecych,194,words,False
pl.wikipedia.org,Motocyklowe Grand Prix Kataru,15,words,False
pl.wikipedia.org,Okęcie,93,words,False
pl.wikipedia.org,Piastowie,179,words,False
pl.wikipedia.org,Przełączka nad Maszynką,130,words,False
pl.wikipedia.org,Rhagonycha nigripes,11,words,False
pl.wikipedia.org,Rohit Kumar,59,words,False
pl.wikipedia.org,Tato (film 1989),15,words,False
pl.wikipedia.org,Tymalczyk arabski,28,words,False
pl.wikipedia.org,Zagozd,23,words,False
pl.wikipedia.org,Zawada (gmina w województwie zielonogórskim),131,words,False
pl.wikipedia.org,Żyła nieparzysta krótka,50,words,False
pl.wikipedia.org,Alaksandr Szut,55,words,False
pl.wikipedia.org,Alina Kacperska-Lewak,18,words,False
pl.wikipedia.org,Aretuska,18,words,False
pl.wikipedia.org,Barville,26,words,False
pl.wikipedia.org,Botley,21,words,False
pl.wikipedia.org,Główna Komisja Sportu Żużlowego,34,words,False
pl.wikipedia.org,Hymn Peru,512,words,True
pl.wikipedia.org,Jerzy Siwy,25,words,False
pl.wikipedia.org,Kaparowate,114,words,False
pl.wikipedia.org,Lista hetmanów Kozaków zaporoskich,559,words,True
pl.wikipedia.org,Mistrzostwa Polski w Łyżwiarstwie Szybkim w Wieloboju Sprinterskim 1992,20,words,False
pl.wikipedia.org,NGC 7612,25,words,False
pl.wikipedia.org,Phakoa Moiloa,86,words,False
pl.wikipedia.org,Płynność aktywów,16,words,False
pl.wikipedia.org,Redenhall with Harleston,35,words,False
pl.wikipedia.org,Szczęśliwy pies,31,words,False
pl.wikipedia.org,Taylor (Alabama),25,words,False
pl.wikipedia.org,Tudor Vladimirescu (okręg Jassy),18,words,False
pl.wikipedia.org,Śląskie Towarzystwo Miłośników Książki i Grafiki (1937–1939),475,words,True
nl.wikipedia.org,Andrena caeruleonitens,28,words,False
nl.wikipedia.org,Arresø,44,words,False
nl.wikipedia.org,Asbecesta antennalis,23,words,False
nl.wikipedia.org,Begraafplaats van Graty,55,words,False
nl.wikipedia.org,Bojong Koneng (Gunung Kencana),21,words,False
nl.wikipedia.org,Campen (computerspelterm),50,words,False
nl.wikipedia.org,De Hammen,218,words,False
nl.wikipedia.org,Een ster,34,words,False
nl.wikipedia.org,Goede Herderkerk (Wassenaar),132,words,False
nl.wikipedia.org,Goltzius,4,words,False
nl.wikipedia.org,Hogna landanae,37,words,False
nl.wikipedia.org,La Neuville-du-Bosc,26,words,False
nl.wikipedia.org,Megapenthes parvus,27,words,False
nl.wikipedia.org,Monolepta wilcoxi,24,words,False
nl.wikipedia.org,Notommata prodota,25,words,False
nl.wikipedia.org,Paramechoris verfurus,25,words,False
nl.wikipedia.org,Puncturella pauper,27,words,False
nl.wikipedia.org,Simonne Brugghe,24,words,False
nl.wikipedia.org,Timotheus (parochie),62,words,False
nl.wikipedia.org,Zopfiofoveola,16,words,False
nl.wikipedia.org,Aricoris caracensis,22,words,False
nl.wikipedia.org,Elim (Drenthe),20,words,False
nl.wikipedia.org,Ferguson-reflex,136,words,False
nl.wikipedia.org,Frederik Vansina,18,words,False
nl.wikipedia.org,Manon Masset,12,words,False
nl.wikipedia.org,Marginella leoi,29,words,False
nl.wikipedia.org,Metarctia aethiops,37,words,False
nl.wikipedia.org,N452,18,words,False
nl.wikipedia.org,Nesozineus propinquus,28,words,False
nl.wikipedia.org,Niccolò Carlone,16,words,False
nl.wikipedia.org,Patrick Depailler,86,words,False
nl.wikipedia.org,Prachtstipspanner,25,words,False
nl.wikipedia.org,Protocuspidaria azorica,29,words,False
nl.wikipedia.org,Reikosiella clauda,23,words,False
nl.wikipedia.org,Rothbury (Northumberland),15,words,False
nl.wikipedia.org,Russische landmacht,48,words,False
nl.wikipedia.org,Slager,107,words,False
nl.wikipedia.org,Vlag van Tynaarlo,107,words,False
nl.wikipedia.org,Wereldkampioenschappen schaatsen afstanden 2024 - 5000 meter mannen,81,words,False
nl.wikipedia.org,Zo Zit Dat,155,words,False
nl.wikipedia.org,Aernout Philip Theodoor Eyssell,25,words,False
nl.wikipedia.org,Batu Putik,22,words,False
nl.wikipedia.org,Coloratobistus,35,words,False
nl.wikipedia.org,Europese auto in 1984,18,words,False
nl.wikipedia.org,Jevgeni Sjaposjnikov,22,words,False
nl.wikipedia.org,Meteorus nixoni,35,words,False
nl.wikipedia.org,Molophilus (Molophilus) raptor,19,words,False
nl.wikipedia.org,Mylabris postunifasciata,27,words,False
nl.wikipedia.org,NGC 5730,24,words,False
nl.wikipedia.org,Onderhandse akte,161,words,False
nl.wikipedia.org,Portugese waterhond,179,words,False
nl.wikipedia.org,Prelude en Kerstmuziek,134,words,False
nl.wikipedia.org,Propagandafilm,42,words,False
nl.wikipedia.org,Rodium-101,18,words,False
nl.wikipedia.org,Roodkeelrotszwaluw,34,words,False
nl.wikipedia.org,Station Przystronie Śląskie,11,words,False
nl.wikipedia.org,Suomen Rahapaja,185,words,False
nl.wikipedia.org,Thierry Baudet,93,words,False
nl.wikipedia.org,Turbinolia,12,words,False
nl.wikipedia.org,Witkeelmeerkat,33,words,False
nl.wikipedia.org,Ad interim: tijdschrift voor letterkunde,112,words,False
nl.wikipedia.org,Birka (geslacht),9,words,False
nl.wikipedia.org,Corneille Heremans,16,words,False
nl.wikipedia.org,Coupe de la Ligue 1997/98,112,words,False
nl.wikipedia.org,Deltote viridovata,40,words,False
nl.wikipedia.org,Departamentul de Informații Externe,91,words,False
nl.wikipedia.org,Eldrik,61,words,False
nl.wikipedia.org,Eusphalera cadmium,30,words,False
nl.wikipedia.org,Farrea hanitschi,58,words,False
nl.wikipedia.org,Gyretes procerulus,27,words,False
nl.wikipedia.org,Lepidostoma gigitaring,17,words,False
nl.wikipedia.org,Macrotritopus,11,words,False
nl.wikipedia.org,Mels (Zwitserland),24,words,False
nl.wikipedia.org,Michiel Grevers,73,words,False
nl.wikipedia.org,Oxychilus nautiliformis,28,words,False
nl.wikipedia.org,Paracyatholaimus truncatus,27,words,False
nl.wikipedia.org,Slag bij Ilipa,75,words,False
nl.wikipedia.org,Te Amo,81,words,False
nl.wikipedia.org,Wereldkampioenschappen synchroonzwemmen 2013 – Vrije combinatie,23,words,False
nl.wikipedia.org,Witte Tonnen Vlije,107,words,False
nl.wikipedia.org,Australimoosella wuchii,29,words,False
nl.wikipedia.org,Danaraja (Purwanegara),19,words,False
nl.wikipedia.org,De Kift,71,words,False
nl.wikipedia.org,Eucynorta interposita,9,words,False
nl.wikipedia.org,Gregorioiscala exfoliata,29,words,False
nl.wikipedia.org,Guido Thys,22,words,False
nl.wikipedia.org,Inhuldigingsmedaille 2013,26,words,False
nl.wikipedia.org,Jenna Leigh Green,41,words,False
nl.wikipedia.org,Margot Ebert,136,words,False
nl.wikipedia.org,Metridia calypsoi,27,words,False
nl.wikipedia.org,Narva-museum,16,words,False
nl.wikipedia.org,No Escape (2015),64,words,False
nl.wikipedia.org,Orito,33,words,False
nl.wikipedia.org,Petromyscus barbouri,29,words,False
nl.wikipedia.org,Platocoelotes latus,41,words,False
nl.wikipedia.org,Rabobank Continental Team/2007,8,words,False
nl.wikipedia.org,Raw Deal,62,words,False
nl.wikipedia.org,Spodnja Bela,28,words,False
nl.wikipedia.org,Thorgeir de Wetgever,143,words,False
nl.wikipedia.org,Vaalt (Utrecht),209,words,False
nl.wikipedia.org,A Show of Hands,69,words,False
nl.wikipedia.org,Ayah Eloualidi,20,words,False
nl.wikipedia.org,B5 (Jamaica),36,words,False
nl.wikipedia.org,Bracon frontalis,35,words,False
nl.wikipedia.org,Diogmites goniostigma,28,words,False
nl.wikipedia.org,Eublemma parallela,49,words,False
nl.wikipedia.org,Karya Makmur (Labuhan Maringgai),22,words,False
nl.wikipedia.org,Kasterensbrug,87,words,False
nl.wikipedia.org,Lechria lucida,18,words,False
nl.wikipedia.org,Limbrichterbeek,158,words,False
nl.wikipedia.org,Lõu,94,words,False
nl.wikipedia.org,Marie van Bourbon-Orléans,144,words,False
nl.wikipedia.org,Matsucythere,13,words,False
nl.wikipedia.org,Oreoparnus delevei,22,words,False
nl.wikipedia.org,Pugettia hubbsi,27,words,False
nl.wikipedia.org,Pycnaxis,13,words,False
nl.wikipedia.org,Right Side Up,72,words,False
nl.wikipedia.org,Roland Garros 1971 (mannen),41,words,False
nl.wikipedia.org,South Shaftsbury,19,words,False
nl.wikipedia.org,Zodariellum sytchevskajae,38,words,False
nl.wikipedia.org,Aliatypus aquilonius,17,words,False
nl.wikipedia.org,Altrich,21,words,False
nl.wikipedia.org,Borgholm (gemeente),143,words,False
nl.wikipedia.org,Cha Chi Versaci,86,words,False
nl.wikipedia.org,Epiphyas hyperacria,28,words,False
nl.wikipedia.org,Icelus mandibularis,28,words,False
nl.wikipedia.org,Juliette Bise,17,words,False
nl.wikipedia.org,Justitiepaleis van Brussel,59,words,False
nl.wikipedia.org,Kuorarivier,38,words,False
nl.wikipedia.org,Lomographa claripennis,28,words,False
nl.wikipedia.org,Nóra Hoffmann,196,words,False
nl.wikipedia.org,Physonota puncticollis,22,words,False
nl.wikipedia.org,Protracheoniscus fossuliger,29,words,False
nl.wikipedia.org,Ptichodis lima,28,words,False
nl.wikipedia.org,Rev I de Juiste,51,words,False
nl.wikipedia.org,Rissoa,13,words,False
nl.wikipedia.org,Shell Recharge,45,words,False
nl.wikipedia.org,Soyedina washingtoni,26,words,False
nl.wikipedia.org,Station Manchester Piccadilly,164,words,False
nl.wikipedia.org,Swolnpes morganensis,27,words,False
nl.wikipedia.org,Ajman,28,words,False
nl.wikipedia.org,Alameda (Canada),15,words,False
nl.wikipedia.org,Anagyrus mirtesae,25,words,False
nl.wikipedia.org,Axinella bubarinoides,63,words,False
nl.wikipedia.org,Bram Van den Dries,16,words,False
nl.wikipedia.org,Cebrio morio,25,words,False
nl.wikipedia.org,Chromousambilla mweruensis,26,words,False
nl.wikipedia.org,Dolichopus tenuipes,28,words,False
nl.wikipedia.org,Endergone reactie,336,words,True
nl.wikipedia.org,Finders Keepers,40,words,False
nl.wikipedia.org,Gaviaal,203,words,False
nl.wikipedia.org,Hypsopygia syriaca,28,words,False
nl.wikipedia.org,Jakob Sveistrup,245,words,False
nl.wikipedia.org,Kanton Saint-Aignan,9,words,False
nl.wikipedia.org,Oogspiegel,174,words,False
nl.wikipedia.org,Oxyanion-gat,164,words,False
nl.wikipedia.org,Paradoxostoma exmouthense,23,words,False
nl.wikipedia.org,Pegohylemyia subnitida,28,words,False
nl.wikipedia.org,Querrien,30,words,False
nl.wikipedia.org,Tam Nghĩa,32,words,False
nl.wikipedia.org,Dascillus mongolicus,26,words,False
nl.wikipedia.org,De avonturen van Blinky Bill,45,words,False
nl.wikipedia.org,Drepanogynis serrifasciaria,33,words,False
nl.wikipedia.org,Franciscanessen van Charitas,16,words,False
nl.wikipedia.org,Hermonassa,16,words,False
nl.wikipedia.org,Jamie Miller,13,words,False
nl.wikipedia.org,Kanth (India),16,words,False
nl.wikipedia.org,Kebonsari Kulon,21,words,False
nl.wikipedia.org,Marvin Chávez,21,words,False
nl.wikipedia.org,Nemastoma polonicum,36,words,False
nl.wikipedia.org,Nordenstadt,53,words,False
nl.wikipedia.org,Pareuthria candidata,31,words,False
nl.wikipedia.org,Pax (natuurgebied),181,words,False
nl.wikipedia.org,Platypalpus lyristes,36,words,False
nl.wikipedia.org,Pyura molguloides,27,words,False
nl.wikipedia.org,Selatosomus aeneomicans,26,words,False
nl.wikipedia.org,Simone Verdi,45,words,False
nl.wikipedia.org,Weeuwhof,17,words,False
nl.wikipedia.org,Wolfshoek (Heusden),232,words,False
nl.wikipedia.org,Zădăreni,13,words,False
nl.wikipedia.org,Agelena littoricola,37,words,False
nl.wikipedia.org,Amphioncus,10,words,False
nl.wikipedia.org,Asantola,41,words,False
nl.wikipedia.org,Baliosus donckieri,23,words,False
nl.wikipedia.org,Belgische verkiezingen 1954,115,words,False
nl.wikipedia.org,Calvarie van Scheut,164,words,False
nl.wikipedia.org,De dichter op het feest der dieren gekroond door twee apen,25,words,False
nl.wikipedia.org,Encarsia pseudococci,23,words,False
nl.wikipedia.org,Entephria mesozona,33,words,False
nl.wikipedia.org,Foissy,25,words,False
nl.wikipedia.org,Goldschmidt,116,words,False
nl.wikipedia.org,Horná Breznica,25,words,False
nl.wikipedia.org,Lijst van Eerste Kamerleden 1888-1890,87,words,False
nl.wikipedia.org,Lucas Barrios,100,words,False
nl.wikipedia.org,Marco Zoppo,139,words,False
nl.wikipedia.org,Neolelaps flavipes,23,words,False
nl.wikipedia.org,Parallelle computer,145,words,False
nl.wikipedia.org,"Peter Iredale (schip, 1890)",47,words,False
nl.wikipedia.org,Spoorlijn 100 (België),34,words,False
nl.wikipedia.org,Yuma adulatalis,43,words,False
pt.wikipedia.org,Apeadeiro de Santana-Ferreira,36,words,False
pt.wikipedia.org,Bernardito Cleopas Auza,21,words,False
pt.wikipedia.org,Certaldo,100,words,False
pt.wikipedia.org,Dakuten e Handakuten,66,words,False
pt.wikipedia.org,Diocese de Asansol,58,words,False
pt.wikipedia.org,Fioravante Almeida,256,words,False
pt.wikipedia.org,Igreja de Nossa Senhora da Conceição (Cabo Verde),63,words,False
pt.wikipedia.org,Lista de prefeitos de Angra dos Reis,19,words,False
pt.wikipedia.org,Movimentos LGBT no Brasil,74,words,False
pt.wikipedia.org,Ordine Nuovo (movimento),109,words,False
pt.wikipedia.org,Pousseaux,30,words,False
pt.wikipedia.org,Referendo sobre a independência da Transnístria em 2006,51,words,False
pt.wikipedia.org,Rubén Calderón Bouchet,69,words,False
pt.wikipedia.org,Steve Wood,30,words,False
pt.wikipedia.org,Tartaruga-de-kemp,148,words,False
pt.wikipedia.org,Ujaife ibne Ambaça,30,words,False
pt.wikipedia.org,Velocidade em relação ao ar,342,words,True
pt.wikipedia.org,Victor Sen Yung,33,words,False
pt.wikipedia.org,Wally,41,words,False
pt.wikipedia.org,Warrenton (Geórgia),14,words,False
pt.wikipedia.org,Albudeite,28,words,False
pt.wikipedia.org,Alejandro Aragón,16,words,False
pt.wikipedia.org,Alexander Wynter Blyth,31,words,False
pt.wikipedia.org,Alharite ibne Hixame,51,words,False
pt.wikipedia.org,Aurora (Ohio),14,words,False
pt.wikipedia.org,Co-NP-completo,113,words,False
pt.wikipedia.org,Escape from Iran: The Canadian Caper,38,words,False
pt.wikipedia.org,Fidei Depositum,165,words,False
pt.wikipedia.org,Hangenbieten,33,words,False
pt.wikipedia.org,Heitor,27,words,False
pt.wikipedia.org,Kasia Gruchalla-Wesierski,14,words,False
pt.wikipedia.org,Marrocos nos Jogos Paralímpicos de Verão de 2004,41,words,False
pt.wikipedia.org,"Município de Dallas (condado de Crawford, Ohio)",39,words,False
pt.wikipedia.org,Poromera,11,words,False
pt.wikipedia.org,Prêmio TVyNovelas de 2008,60,words,False
pt.wikipedia.org,Saint-Romain-la-Virvée,32,words,False
pt.wikipedia.org,Shropshire,51,words,False
pt.wikipedia.org,Taça Latina de 2006,18,words,False
pt.wikipedia.org,Vladimir Yashchenko,50,words,False
pt.wikipedia.org,Zenon Barreto,28,words,False
pt.wikipedia.org,Ambroise Oyongo,21,words,False
pt.wikipedia.org,Barcillonnette,32,words,False
pt.wikipedia.org,Batalha de Las Cañas,31,words,False
pt.wikipedia.org,Branca-ursina,14,words,False
pt.wikipedia.org,Campeonato Mundial de Judô de 2013 - Ligeiro masculino,16,words,False
pt.wikipedia.org,Castelo de Frœschwiller,28,words,False
pt.wikipedia.org,Daniel Diau,30,words,False
pt.wikipedia.org,Eleutherocercus,49,words,False
pt.wikipedia.org,Febre amarela,428,words,True
pt.wikipedia.org,Henrietta Ónodi,24,words,False
pt.wikipedia.org,Jamaica Hospital Medical Center,70,words,False
pt.wikipedia.org,Jizaque,27,words,False
pt.wikipedia.org,Loes Gunnewijk,33,words,False
pt.wikipedia.org,Neodiaptomus intermedius,14,words,False
pt.wikipedia.org,Nomenclatura botânica,325,words,True
pt.wikipedia.org,Sobreposição,84,words,False
pt.wikipedia.org,The Colony (filme),70,words,False
pt.wikipedia.org,Torre Transamérica (desambiguação),33,words,False
pt.wikipedia.org,Trithemis donaldsoni,71,words,False
pt.wikipedia.org,Tránsito (Córdova),10,words,False
pt.wikipedia.org,AwardWallet,67,words,False
pt.wikipedia.org,Brasil nos Jogos Olímpicos de Verão de 1920,354,words,True
pt.wikipedia.org,Bulbophyllum medusae,24,words,False
pt.wikipedia.org,Cesare Zerba,50,words,False
pt.wikipedia.org,Clorotolueno,29,words,False
pt.wikipedia.org,Eilao,33,words,False
pt.wikipedia.org,Eleição presidencial no Equador em 2021,183,words,False
pt.wikipedia.org,Encefalite Anti-Receptor N-Metil-D-Aspartato (NMDA),279,words,False
pt.wikipedia.org,Ernst Lamla,19,words,False
pt.wikipedia.org,James Burton,17,words,False
pt.wikipedia.org,Lichinales,20,words,False
pt.wikipedia.org,Medalha de Ouro Kurchatov,73,words,False
pt.wikipedia.org,Mão de Luva,94,words,False
pt.wikipedia.org,Ole Rømer,146,words,False
pt.wikipedia.org,Outsourcing de TI,218,words,False
pt.wikipedia.org,Oxymycterus delator,16,words,False
pt.wikipedia.org,Ranggen,30,words,False
pt.wikipedia.org,Registro Nacional de Lugares Históricos no Condado de Van Wert,29,words,False
pt.wikipedia.org,San Martín de la Vega del Alberche,64,words,False
pt.wikipedia.org,Vasco da Ponte,42,words,False
pt.wikipedia.org,April O'Neil (atriz pornô),32,words,False
pt.wikipedia.org,Beverly (Massachusetts),32,words,False
pt.wikipedia.org,Carnaval no Equador,105,words,False
pt.wikipedia.org,Citroën Aircross,49,words,False
pt.wikipedia.org,Ermida de Nossa Senhora dos Remédios (Almagreira),34,words,False
pt.wikipedia.org,Estrado,44,words,False
pt.wikipedia.org,Fernando Alvim,21,words,False
pt.wikipedia.org,Formação Tombador,209,words,False
pt.wikipedia.org,Hélène Velasco-Graciet,51,words,False
pt.wikipedia.org,Machaeritis,10,words,False
pt.wikipedia.org,Mullen (Nebraska),14,words,False
pt.wikipedia.org,Mónica Ojeda,29,words,False
pt.wikipedia.org,Número duplo de Mersenne,57,words,False
pt.wikipedia.org,Rojas (município),21,words,False
pt.wikipedia.org,Saina (filme),87,words,False
pt.wikipedia.org,Sistema de armazenamento de energia em baterias,430,words,True
pt.wikipedia.org,Soneto 23,50,words,False
pt.wikipedia.org,Torneio Internacional do Rio de Janeiro,75,words,False
pt.wikipedia.org,Torneio de Candidatos de 2020-21,122,words,False
pt.wikipedia.org,U-392,19,words,False
pt.wikipedia.org,Aeroporto Internacional de Boa Vista,100,words,False
pt.wikipedia.org,Anaíde Beiriz,53,words,False
pt.wikipedia.org,Avenida Doutor Enéas Carvalho de Aguiar,112,words,False
pt.wikipedia.org,Campeonato Paulista de Futebol Feminino de 1984,29,words,False
pt.wikipedia.org,Campeonato Sul-Coreano de Patinação Artística no Gelo,72,words,False
pt.wikipedia.org,Charlie Sexton,23,words,False
pt.wikipedia.org,Copa del Rey de 2024–25,173,words,False
pt.wikipedia.org,Daniuska Rodríguez,44,words,False
pt.wikipedia.org,Douglas Silva de Andrade,27,words,False
pt.wikipedia.org,Exarcado Apostólico Católico Armênio da América Latina e México,75,words,False
pt.wikipedia.org,Hatra,242,words,False
pt.wikipedia.org,Hillsong Church,70,words,False
pt.wikipedia.org,Jonesville (Carolina do Sul),16,words,False
pt.wikipedia.org,Kenji Matsuda,14,words,False
pt.wikipedia.org,Lei Lerdo,225,words,False
pt.wikipedia.org,Louis Smolka,46,words,False
pt.wikipedia.org,Manuel Santana,126,words,False
pt.wikipedia.org,O Capanga,30,words,False
pt.wikipedia.org,Oliver Goldsmith,22,words,False
pt.wikipedia.org,S.C.A.T.: Special Cybernetic Attack Team,37,words,False
pt.wikipedia.org,(32110) 2000 KA73,36,words,False
pt.wikipedia.org,2010 no Brasil,17,words,False
pt.wikipedia.org,2011 UU411,48,words,False
pt.wikipedia.org,Bab's Burglar,43,words,False
pt.wikipedia.org,Campeonato Paraguaio de Futebol de 1925,54,words,False
pt.wikipedia.org,Catedral Basílica de Nossa Senhora dos Milagres (Caacupé),209,words,False
pt.wikipedia.org,Condado de Cloud,72,words,False
pt.wikipedia.org,Cândido Francisco de Santana e Oliveira,70,words,False
pt.wikipedia.org,Festival Eurovisão da Canção Júnior 2026,28,words,False
pt.wikipedia.org,Gabriel de Avilés,44,words,False
pt.wikipedia.org,Internal Revenue Service,63,words,False
pt.wikipedia.org,Kirikou et la Sorcière,150,words,False
pt.wikipedia.org,Lista de membros do elenco de Star Trek no cinema,481,words,True
pt.wikipedia.org,Mild High Club,15,words,False
pt.wikipedia.org,Motim de Oakwood,291,words,False
pt.wikipedia.org,Moyenvic,33,words,False
pt.wikipedia.org,Nacionalidade brasileira,156,words,False
pt.wikipedia.org,Rio Apa Mare (Bega),20,words,False
pt.wikipedia.org,Temporada da Indy Lights de 1990,166,words,False
pt.wikipedia.org,Viterne,32,words,False
pt.wikipedia.org,Almondir de Córdova,38,words,False
pt.wikipedia.org,Another Earthquake!,109,words,False
pt.wikipedia.org,Benjamim Guimarães,138,words,False
pt.wikipedia.org,Clássica de Almeria,124,words,False
pt.wikipedia.org,Descrição,94,words,False
pt.wikipedia.org,Discothyrea hewitti,14,words,False
pt.wikipedia.org,Estádio Municipal de Portimão,59,words,False
pt.wikipedia.org,Igor Kovačević,18,words,False
pt.wikipedia.org,Ken Spain,93,words,False
pt.wikipedia.org,Mount Gilead (Ohio),15,words,False
pt.wikipedia.org,Nastalique,141,words,False
pt.wikipedia.org,Patrice Talon,119,words,False
pt.wikipedia.org,Ponte Nordhordland,113,words,False
pt.wikipedia.org,Ready Jet Go!,90,words,False
pt.wikipedia.org,Referendos autonômicos na Bolívia em 2008,189,words,False
pt.wikipedia.org,Rio Cărbunăria,16,words,False
pt.wikipedia.org,Rolla Kent Beattie,75,words,False
pt.wikipedia.org,Smith & Wesson,51,words,False
pt.wikipedia.org,Tramain,30,words,False
pt.wikipedia.org,Vila Real Futebol Clube,32,words,False
pt.wikipedia.org,Blutfahne,263,words,False
pt.wikipedia.org,Copa América de Voleibol de 2007,117,words,False
pt.wikipedia.org,Defesa total,414,words,True
pt.wikipedia.org,Eduardo Frei Montalva,404,words,True
pt.wikipedia.org,Eusebio Guilarte Vera,38,words,False
pt.wikipedia.org,Fábio Paím,61,words,False
pt.wikipedia.org,Genérico (desambiguação),79,words,False
pt.wikipedia.org,Joel Waweru Mwangi,27,words,False
pt.wikipedia.org,Luciano Barbosa (atleta),24,words,False
pt.wikipedia.org,Moud Goba,60,words,False
pt.wikipedia.org,Náutica,142,words,False
pt.wikipedia.org,O Pagador de Promessas (teatro),50,words,False
pt.wikipedia.org,Piplya Mandi,19,words,False
pt.wikipedia.org,Procinético,15,words,False
pt.wikipedia.org,Redução (cozinha),178,words,False
pt.wikipedia.org,Remo nos Jogos Olímpicos de Verão de 2012 - Quatro sem leve masculino,33,words,False
pt.wikipedia.org,Super-herói (desambiguação),52,words,False
pt.wikipedia.org,Toboágua,182,words,False
pt.wikipedia.org,Ufologia,207,words,False
pt.wikipedia.org,Walter D'Ávila,24,words,False
pt.wikipedia.org,Aliya Mustafina,139,words,False
pt.wikipedia.org,Bermudas nos Jogos Pan-Americanos de 2003,18,words,False
pt.wikipedia.org,Centenary City (Nigéria),82,words,False
pt.wikipedia.org,Diógenes de Castro Ribeiro,250,words,False
pt.wikipedia.org,Estátua de Teucro,42,words,False
pt.wikipedia.org,HL,13,words,False
pt.wikipedia.org,Igreja de Sant'Anna (Macaé),48,words,False
pt.wikipedia.org,Jornal Liberal,94,words,False
pt.wikipedia.org,Kobi Marimi,63,words,False
pt.wikipedia.org,Paralelo 47 S,32,words,False
pt.wikipedia.org,Pieve Fissiraga,49,words,False
pt.wikipedia.org,Pompertuzat,39,words,False
pt.wikipedia.org,Proteção no desemprego,228,words,False
pt.wikipedia.org,Sever (Santa Marta de Penaguião),38,words,False
pt.wikipedia.org,Simon Thern,32,words,False
pt.wikipedia.org,Sociedade Literária Germânica,42,words,False
pt.wikipedia.org,Taberg (montanha),76,words,False
pt.wikipedia.org,Teoria estética,113,words,False
pt.wikipedia.org,Yann LeCun,71,words,False
pt.wikipedia.org,You're Speaking My Language,25,words,False
fa.wikipedia.org,آب‌گرم یک,28,words,False
fa.wikipedia.org,آرتور هولدن (بازیکن فوتبال),34,words,False
fa.wikipedia.org,الکساندر جووی,143,words,False
fa.wikipedia.org,ان‌وای‌کی وگا,24,words,False
fa.wikipedia.org,باغ‌های پرندگان ایران,32,words,False
fa.wikipedia.org,باقرکوی (آرتوین),21,words,False
fa.wikipedia.org,خورشیدگرفتگی ۱۴ سپتامبر ۲۰۹۹,58,words,False
fa.wikipedia.org,دارباغه,15,words,False
fa.wikipedia.org,زندگی مصنوعی,57,words,False
fa.wikipedia.org,سینما فلسطین (تبریز),29,words,False
fa.wikipedia.org,طلایی‌موش‌های بزرگ,13,words,False
fa.wikipedia.org,علی کلی,43,words,False
fa.wikipedia.org,لورا وترلین,74,words,False
fa.wikipedia.org,موسی بن نصیر,43,words,False
fa.wikipedia.org,مک‌دونالد چپل (آلاباما),38,words,False
fa.wikipedia.org,میرجلال,23,words,False
fa.wikipedia.org,نصف‌النهار ۷۶ درجه غربی,47,words,False
fa.wikipedia.org,پاسک,39,words,False
fa.wikipedia.org,چزاره دانووا,18,words,False
fa.wikipedia.org,گادفری چشایر,89,words,False
fa.wikipedia.org,اسکار شلمر,97,words,False
fa.wikipedia.org,ایستگاه حکیمی لبویچ,25,words,False
fa.wikipedia.org,اینگار نوردلوند,17,words,False
fa.wikipedia.org,باتنو-واران,22,words,False
fa.wikipedia.org,برامبوری,18,words,False
fa.wikipedia.org,خانواده آدامز (فیلم ۱۹۹۱),23,words,False
fa.wikipedia.org,دم‌بادبزنی کاکرل,13,words,False
fa.wikipedia.org,سفارت کوبا در اتاوا,19,words,False
fa.wikipedia.org,سنگ قبر,116,words,False
fa.wikipedia.org,سیارک ۳۹۲۳,31,words,False
fa.wikipedia.org,ضعف اخلاقی عجیب خانم وارد,77,words,False
fa.wikipedia.org,عملیات مرداب,28,words,False
fa.wikipedia.org,قطعنامه ۱۳۴۴ شورای امنیت,41,words,False
fa.wikipedia.org,لسانسیون، کبک,33,words,False
fa.wikipedia.org,مجموعه حاج رئیس,44,words,False
fa.wikipedia.org,ملیکای سیاه,13,words,False
fa.wikipedia.org,نیمتشیتشکی (ناحیه برتسلاف),36,words,False
fa.wikipedia.org,هفتنجان,14,words,False
fa.wikipedia.org,یواس‌اس سنتینل,27,words,False
fa.wikipedia.org,۹ ربیع‌الاول,24,words,False
fa.wikipedia.org,اندازه,36,words,False
fa.wikipedia.org,اوبرگریسباخ,14,words,False
fa.wikipedia.org,اونوئه شوروکو دوم,41,words,False
fa.wikipedia.org,بوگو,59,words,False
fa.wikipedia.org,ترسناک‌سران,11,words,False
fa.wikipedia.org,جقلو,13,words,False
fa.wikipedia.org,جیمز دنتون,40,words,False
fa.wikipedia.org,دوبروت,21,words,False
fa.wikipedia.org,دیوید دورفمن,31,words,False
fa.wikipedia.org,ریکو ورهوفن,29,words,False
fa.wikipedia.org,زنگت علیا,14,words,False
fa.wikipedia.org,شاه‌گیش آلماکو,13,words,False
fa.wikipedia.org,موتور ناصر (چشمه زیارت),17,words,False
fa.wikipedia.org,نره‌گاو مکانیکی (آلبوم),50,words,False
fa.wikipedia.org,نگرشی نو به تئوری موسیقی ایرانی,21,words,False
fa.wikipedia.org,کوه کاب,31,words,False
fa.wikipedia.org,گادسان کیره مه,27,words,False
fa.wikipedia.org,گوروکته,17,words,False
fa.wikipedia.org,یویا مارتینز,47,words,False
fa.wikipedia.org,آنری آتامانیوک,38,words,False
fa.wikipedia.org,ادیت دورهام,69,words,False
fa.wikipedia.org,اسلحه و مرد (فیلم ۱۹۵۸),56,words,False
fa.wikipedia.org,اف‌جی‌سی-۹,170,words,False
fa.wikipedia.org,بخشدار آهنی,19,words,False
fa.wikipedia.org,بنزو (آ) فلوئورانتن,28,words,False
fa.wikipedia.org,جک انجل,24,words,False
fa.wikipedia.org,سالاندی,25,words,False
fa.wikipedia.org,سوپرمن,338,words,True
fa.wikipedia.org,سید بیشپ,85,words,False
fa.wikipedia.org,شهرستان یانوف لوبلسکی,31,words,False
fa.wikipedia.org,صقر بن خالد القاسمی,41,words,False
fa.wikipedia.org,طلایی ۴۴۲۳,31,words,False
fa.wikipedia.org,فوتبال در بولیوی,13,words,False
fa.wikipedia.org,ناگور کالدرون,40,words,False
fa.wikipedia.org,نیروگاه بادی برازوس,91,words,False
fa.wikipedia.org,کاندلاریا فیگوردو,28,words,False
fa.wikipedia.org,کوودکووو,20,words,False
fa.wikipedia.org,گلم‌کبود (صحنه),25,words,False
fa.wikipedia.org,گورستان یل درمانی,49,words,False
fa.wikipedia.org,اندیس سلتش آباد,23,words,False
fa.wikipedia.org,بستگان (سمیرم),14,words,False
fa.wikipedia.org,ترینا رادکی,16,words,False
fa.wikipedia.org,تمور شاهنازاریان,16,words,False
fa.wikipedia.org,جام جهانی اسکیت سرعت ۲۰۱۷–۱۸,58,words,False
fa.wikipedia.org,خوانین گارسیا,28,words,False
fa.wikipedia.org,دهستان خورش رستم شمالی,32,words,False
fa.wikipedia.org,دژ (رمان),321,words,True
fa.wikipedia.org,رابرت جارویک,16,words,False
fa.wikipedia.org,سادات شرقی,14,words,False
fa.wikipedia.org,سان شاین کوست، کوئینزلند,115,words,False
fa.wikipedia.org,شهرستان پروومایسکی (استان یاروسلاول),15,words,False
fa.wikipedia.org,فرقه سوسیالیست کارگران و دهقانان ترکیه,112,words,False
fa.wikipedia.org,نانالی جانسون,23,words,False
fa.wikipedia.org,نصف‌النهار ۴۴ درجه غربی,42,words,False
fa.wikipedia.org,نیل فریزر,14,words,False
fa.wikipedia.org,هالفسبوشتل,19,words,False
fa.wikipedia.org,کوشلفکا (شهرستان دووانسکی، باشقیرستان),17,words,False
fa.wikipedia.org,گاباداویدیا,17,words,False
fa.wikipedia.org,۶۴۱ (پیش از میلاد),11,words,False
fa.wikipedia.org,آلوین سانچس,14,words,False
fa.wikipedia.org,ام‌الصخر (رامشیر),14,words,False
fa.wikipedia.org,اچ‌دی‌ام‌اس ویدبیورنن (اف۳۶۰),18,words,False
fa.wikipedia.org,باشگاه ورزشی الاتحاد اهلی,90,words,False
fa.wikipedia.org,بالدومرو پرلازا,32,words,False
fa.wikipedia.org,بیگ هورن (وایومینگ),25,words,False
fa.wikipedia.org,تیری آربوگاس,44,words,False
fa.wikipedia.org,درمان نگهدارنده با متادون,12,words,False
fa.wikipedia.org,رنه مونوری,38,words,False
fa.wikipedia.org,شبه‌آپولودوروس,53,words,False
fa.wikipedia.org,شهرداری ریبینی,17,words,False
fa.wikipedia.org,فرودگاه کویلایوت,52,words,False
fa.wikipedia.org,لوسیانو ویئتو,24,words,False
fa.wikipedia.org,ناتالی دورمر,53,words,False
fa.wikipedia.org,نیتتا، سوئد,26,words,False
fa.wikipedia.org,هرمان فون اوپلن-برونیکوفسکی,57,words,False
fa.wikipedia.org,چوی چی وون,62,words,False
fa.wikipedia.org,کلیه نعل اسبی,59,words,False
fa.wikipedia.org,کند (ترانه کایلی مینوگ),43,words,False
fa.wikipedia.org,یواس‌اس میدولارک (ای‌ام‌اس-۱۹۶),28,words,False
fa.wikipedia.org,ایوا چری,234,words,False
fa.wikipedia.org,باشگاه فوتبال تراکتور در فصل ۹۹–۱۳۹۸,69,words,False
fa.wikipedia.org,بوکو (سیگله),18,words,False
fa.wikipedia.org,تایبائو,15,words,False
fa.wikipedia.org,سیارک ۱۲۳۷۲,25,words,False
fa.wikipedia.org,عایق‌های چند لایه,181,words,False
fa.wikipedia.org,فردریک میتران,68,words,False
fa.wikipedia.org,فردی فرانسیس,27,words,False
fa.wikipedia.org,فرودگاه سرخس,111,words,False
fa.wikipedia.org,قانون اسرائیل,192,words,False
fa.wikipedia.org,قطعنامه ۱۰۸۳ شورای امنیت,39,words,False
fa.wikipedia.org,مامونتوفسکی,15,words,False
fa.wikipedia.org,ویلیام پرسکات,107,words,False
fa.wikipedia.org,پارک چان ده,70,words,False
fa.wikipedia.org,کاترین ماری استوارت,24,words,False
fa.wikipedia.org,کارولین مانس,16,words,False
fa.wikipedia.org,کلوین (اکلاهما),23,words,False
fa.wikipedia.org,کیتی لیانگ,39,words,False
fa.wikipedia.org,گرفم,14,words,False
fa.wikipedia.org,گری مانک,18,words,False
fa.wikipedia.org,ارتورینیو,49,words,False
fa.wikipedia.org,اعلان (فیلم ۲۰۰۵),40,words,False
fa.wikipedia.org,اندانور,16,words,False
fa.wikipedia.org,باشگاه فوتبال پرسپولیس در فصل ۱۴۰۰–۱۳۹۹,36,words,False
fa.wikipedia.org,بخش پورانترویی,11,words,False
fa.wikipedia.org,بودای زمردی,76,words,False
fa.wikipedia.org,تبهگنی (ریاضیات),65,words,False
fa.wikipedia.org,صنعت خودروسازی هند,83,words,False
fa.wikipedia.org,مارلو (فیلم ۲۰۲۲),89,words,False
fa.wikipedia.org,موریا، ایباراکی,39,words,False
fa.wikipedia.org,ناحیه راشت‌قلعه,65,words,False
fa.wikipedia.org,وادی زناتی,23,words,False
fa.wikipedia.org,وسترفلد,23,words,False
fa.wikipedia.org,پاسارا,16,words,False
fa.wikipedia.org,پریماکین,72,words,False
fa.wikipedia.org,چلدی‌بر (شهرستان پانفیلوف),31,words,False
fa.wikipedia.org,چم‌چم,13,words,False
fa.wikipedia.org,کرتلینگتون,27,words,False
fa.wikipedia.org,گوانیدینوپروپیونیک اسید,17,words,False
fa.wikipedia.org,گینس (نوشیدنی),50,words,False
fa.wikipedia.org,اتحاد و تجزیه,118,words,False
fa.wikipedia.org,احمدآباد وطن,15,words,False
fa.wikipedia.org,استورز ۱۹۸۲۰,29,words,False
fa.wikipedia.org,اس‌ام یوبی-۵۶,24,words,False
fa.wikipedia.org,الیوت (پیتسبرگ),54,words,False
fa.wikipedia.org,بخش ویلیامزفیلد (شهرستان اشتابولا، اوهایو),41,words,False
fa.wikipedia.org,حالت منطقی,151,words,False
fa.wikipedia.org,خدمتکار خدای,341,words,True
fa.wikipedia.org,سیتوکین,116,words,False
fa.wikipedia.org,شهرستان بدره (عراق),23,words,False
fa.wikipedia.org,صبح اعدام,39,words,False
fa.wikipedia.org,فهنه (فیروزه),26,words,False
fa.wikipedia.org,محمد غروی کاشانی,9,words,False
fa.wikipedia.org,مقدماتی جام ملت‌های اروپا ۲۰۲۴ گروه D,70,words,False
fa.wikipedia.org,نورندینگ نایتمرز,66,words,False
fa.wikipedia.org,نکسوس ۴,154,words,False
fa.wikipedia.org,پاریزین,41,words,False
fa.wikipedia.org,پایگاه داده توزیع‌شده,41,words,False
fa.wikipedia.org,کشهک (زاهدان),15,words,False
fa.wikipedia.org,کون باربه,28,words,False
fa.wikipedia.org,آخ (شهر),8,words,False
fa.wikipedia.org,اداپور,12,words,False
fa.wikipedia.org,تجدید دیدار (فیلم ۲۰۱۱),40,words,False
fa.wikipedia.org,حسین نواب,57,words,False
fa.wikipedia.org,خبرگزاری مراکش,106,words,False
fa.wikipedia.org,دانشگاه دولتی تولا,31,words,False
fa.wikipedia.org,درگلوییه,13,words,False
fa.wikipedia.org,روح (فیلم ۲۰۱۳),16,words,False
fa.wikipedia.org,رودریگو دی لازاری,35,words,False
fa.wikipedia.org,رودنی (قزاقستان),21,words,False
fa.wikipedia.org,زرافه کردفان,14,words,False
fa.wikipedia.org,طوطی‌سهره,12,words,False
fa.wikipedia.org,فردن، نیدرزاکسن,96,words,False
fa.wikipedia.org,فرودگاه نلسون (نیوزیلند),51,words,False
fa.wikipedia.org,مانوئلا تورس,26,words,False
fa.wikipedia.org,ماهی مکشی,12,words,False
fa.wikipedia.org,ماهیچه گشادکننده عنبیه,88,words,False
fa.wikipedia.org,مدرسه آمریکایی لازاریست همدان,33,words,False
fa.wikipedia.org,ژیرایر اوهانیان چاکیر,30,words,False
fa.wikipedia.org,گذرنامه آلبانیایی,55,words,False
he.wikipedia.org,אלברטו אקווילני,37,words,False
he.wikipedia.org,אליפות וימבלדון 1988,35,words,False
he.wikipedia.org,אנתוכרה קטנה,28,words,False
he.wikipedia.org,ג'וש הולווי,39,words,False
he.wikipedia.org,דניאל ארנס,18,words,False
he.wikipedia.org,דנית ברביבאי,16,words,False
he.wikipedia.org,"ה'קפ""ו",79,words,False
he.wikipedia.org,יעקב אלבעלי,16,words,False
he.wikipedia.org,לנדקרויצר P. 1000,179,words,False
he.wikipedia.org,"מולן רוז' (סרט, 1952)",173,words,False
he.wikipedia.org,מלון טיבריאס (טבריה),61,words,False
he.wikipedia.org,משה קצנלנבוגן,38,words,False
he.wikipedia.org,עין דארה (אתר ארכאולוגי),118,words,False
he.wikipedia.org,פירוליזין,127,words,False
he.wikipedia.org,פסק דין ניו יורק טיימס נגד סאליבן,249,words,False
he.wikipedia.org,צ'רנומורץ אודסה,28,words,False
he.wikipedia.org,צעצועים שבורים,17,words,False
he.wikipedia.org,קניון פרקינס (אנטארקטיקה),40,words,False
he.wikipedia.org,שמואל חייק,14,words,False
he.wikipedia.org,"תרבות להט""ב ברוסיה",103,words,False
he.wikipedia.org,אבא יוסף הבנאי,80,words,False
he.wikipedia.org,אולימפיאדת השחמט 1927,27,words,False
he.wikipedia.org,אולם הספורט נחלת יהודה,141,words,False
he.wikipedia.org,אוסטית,32,words,False
he.wikipedia.org,אליוטסמיתיה,145,words,False
he.wikipedia.org,אליפות הלחימה האולטימטיבית,271,words,False
he.wikipedia.org,בחירות 2015,3,words,False
he.wikipedia.org,בנזיל,44,words,False
he.wikipedia.org,הארי פוטר ואוצרות המוות - חלק 2,157,words,False
he.wikipedia.org,הטריומווירט הראשון,138,words,False
he.wikipedia.org,הירופומי הירנו,90,words,False
he.wikipedia.org,וונדסוורת',57,words,False
he.wikipedia.org,טירת דרמלנריג,76,words,False
he.wikipedia.org,מארדר 1,137,words,False
he.wikipedia.org,מקס צ'רנובילסקי,41,words,False
he.wikipedia.org,מרדכי בן-דוד,31,words,False
he.wikipedia.org,פלגלנטים,78,words,False
he.wikipedia.org,קבוצת אלייד,54,words,False
he.wikipedia.org,קיצור שולחן ערוך (פירושונים),3,words,False
he.wikipedia.org,קפלר,14,words,False
he.wikipedia.org,Valerie,83,words,False
he.wikipedia.org,אלכסנדר ליברמן,48,words,False
he.wikipedia.org,ג'יי ובוב השקט,69,words,False
he.wikipedia.org,דגל קנדה,265,words,False
he.wikipedia.org,האזור הנייטרלי בין כווית וערב הסעודית,31,words,False
he.wikipedia.org,הדבר מעיד על עצמו,50,words,False
he.wikipedia.org,הפזורה הפלסטינית,35,words,False
he.wikipedia.org,הרכבת התחתית של סמרה,58,words,False
he.wikipedia.org,ואני,82,words,False
he.wikipedia.org,חולית: חלק שלישי,158,words,False
he.wikipedia.org,ליקה קיריצה,29,words,False
he.wikipedia.org,מבחן MMPI,95,words,False
he.wikipedia.org,מזכיר הצי של ארצות הברית,110,words,False
he.wikipedia.org,מטא-פילוסופיה,65,words,False
he.wikipedia.org,מצעד הסינגלים הבריטי (1990–1999),194,words,False
he.wikipedia.org,נוירוגנטיקה,103,words,False
he.wikipedia.org,סבהאטין אלי,17,words,False
he.wikipedia.org,עטרה,3,words,False
he.wikipedia.org,פאפאדיזי,25,words,False
he.wikipedia.org,תג,3,words,False
he.wikipedia.org,Ce,3,words,False
he.wikipedia.org,Mamy Blue,61,words,False
he.wikipedia.org,איגומניצה,206,words,False
he.wikipedia.org,אליפות וימבלדון 1914,95,words,False
he.wikipedia.org,בני שטיינמץ,40,words,False
he.wikipedia.org,גלאוקופן,350,words,True
he.wikipedia.org,הבורסה לניירות ערך בשנג'ן,47,words,False
he.wikipedia.org,הבננה השחורה,166,words,False
he.wikipedia.org,"הסוחר מוונציה (סרט, 2004)",77,words,False
he.wikipedia.org,יחסי פורטוגל–פקיסטן,12,words,False
he.wikipedia.org,כריסטינה מרסיליאק,12,words,False
he.wikipedia.org,משה מרדכי בידרמן,24,words,False
he.wikipedia.org,ספורט פאראלימפי,66,words,False
he.wikipedia.org,פטלאר,11,words,False
he.wikipedia.org,פיסטיה,43,words,False
he.wikipedia.org,פליאונה,61,words,False
he.wikipedia.org,קית' פלויד,43,words,False
he.wikipedia.org,קנור,52,words,False
he.wikipedia.org,שליחות קטלנית,187,words,False
he.wikipedia.org,תסמונת מחזור עירות-שינה שונה מ-24 שעות,104,words,False
he.wikipedia.org,Y(4140),64,words,False
he.wikipedia.org,אלגברה צירית,102,words,False
he.wikipedia.org,אלכסנדר אוקון,16,words,False
he.wikipedia.org,אנה הייאט הנטינגטון,100,words,False
he.wikipedia.org,בריאן אלטמוס,15,words,False
he.wikipedia.org,גלגו ננסי מערבי,112,words,False
he.wikipedia.org,דוכסות זלצבורג,29,words,False
he.wikipedia.org,דיוקנה של ואלי,194,words,False
he.wikipedia.org,הארנה לכדורסל (לונדון),48,words,False
he.wikipedia.org,הר כפתור,97,words,False
he.wikipedia.org,יניב סוויסה,12,words,False
he.wikipedia.org,לאגרשטטה,145,words,False
he.wikipedia.org,מיקרופילריה,120,words,False
he.wikipedia.org,מערכת סרטוגה,285,words,False
he.wikipedia.org,עארף עבד א-ראזק,58,words,False
he.wikipedia.org,פטריופליס,146,words,False
he.wikipedia.org,קטכולאמין,18,words,False
he.wikipedia.org,רב-אמן,50,words,False
he.wikipedia.org,שטיינר,17,words,False
he.wikipedia.org,תומאס רולנדסון,108,words,False
he.wikipedia.org,אבו בכר אפנדי,95,words,False
he.wikipedia.org,ג'ון רנדולף מרואנוק,330,words,True
he.wikipedia.org,דיגליצריד,71,words,False
he.wikipedia.org,דרק גליסון,71,words,False
he.wikipedia.org,הלנה (מונטנה),62,words,False
he.wikipedia.org,הרפורמה הצבאית ברוסיה,258,words,False
he.wikipedia.org,ויבר,19,words,False
he.wikipedia.org,חצב (מושב),15,words,False
he.wikipedia.org,יוקו אובוצ'י,61,words,False
he.wikipedia.org,יתר הישמעאלי,254,words,False
he.wikipedia.org,כוח המשימה להגנה על הקהילות האמריקאיות,109,words,False
he.wikipedia.org,מאיר זורע,24,words,False
he.wikipedia.org,מצד עין טמיר,85,words,False
he.wikipedia.org,סיבוב שערי הר הבית,47,words,False
he.wikipedia.org,עלילות נעורים,76,words,False
he.wikipedia.org,צבעוני רחב עלים,46,words,False
he.wikipedia.org,רות רונן,21,words,False
he.wikipedia.org,שבטבט,37,words,False
he.wikipedia.org,שנות ה-90 של המאה ה-1,20,words,False
he.wikipedia.org,שפת הסימנים הישראלית,202,words,False
he.wikipedia.org,אברהם יוסף לייזרזון,30,words,False
he.wikipedia.org,איון מכיוס,90,words,False
he.wikipedia.org,ג'ו אריבו,26,words,False
he.wikipedia.org,האיחוד הדמוקרטי הבין-לאומי,93,words,False
he.wikipedia.org,הפדרציה הבין-לאומית לאווירונאוטיקה,27,words,False
he.wikipedia.org,התחנה האמריקאית לניסויים בכבשים,57,words,False
he.wikipedia.org,חברה שקופה,67,words,False
he.wikipedia.org,חמניות מול השמש (שיר),40,words,False
he.wikipedia.org,יאקוב יוזף אורלינסקי,18,words,False
he.wikipedia.org,יוננלנגיה,40,words,False
he.wikipedia.org,יחסי אירלנד–הוותיקן,66,words,False
he.wikipedia.org,מאט לוריה,13,words,False
he.wikipedia.org,מועצה דתית,88,words,False
he.wikipedia.org,מועצת העלייה,341,words,True
he.wikipedia.org,מסדר הדרדר,215,words,False
he.wikipedia.org,נתון (דושאן),263,words,False
he.wikipedia.org,סנדרה קלניאטה,21,words,False
he.wikipedia.org,פדרציית הרכב הרוסית,39,words,False
he.wikipedia.org,תכשיטית,49,words,False
he.wikipedia.org,תעודת זונדר,51,words,False
he.wikipedia.org,I'm a Mess,57,words,False
he.wikipedia.org,אז'ני לה סומר,30,words,False
he.wikipedia.org,אנג'לו יאנק,27,words,False
he.wikipedia.org,אסטרטגיה של גישה עקיפה,129,words,False
he.wikipedia.org,אסתר בירנבאום,27,words,False
he.wikipedia.org,אפלטון (עיר),55,words,False
he.wikipedia.org,אקטיניום,19,words,False
he.wikipedia.org,ארמון בומונט,104,words,False
he.wikipedia.org,בלאג'ו,48,words,False
he.wikipedia.org,בסטרץ,31,words,False
he.wikipedia.org,ג'ון גרין,100,words,False
he.wikipedia.org,דעת (כתב עת),128,words,False
he.wikipedia.org,זוסמה,40,words,False
he.wikipedia.org,חרארד ואן דר ול,52,words,False
he.wikipedia.org,ינקובה מינטה,23,words,False
he.wikipedia.org,יסעור ענק דרומי,20,words,False
he.wikipedia.org,ליו שה-יינג,26,words,False
he.wikipedia.org,מונוכרומטיות,150,words,False
he.wikipedia.org,עונת 1982/1983 בליגה הארצית,65,words,False
he.wikipedia.org,רחבת הכותל המערבי,18,words,False
he.wikipedia.org,671,35,words,False
he.wikipedia.org,AAI,3,words,False
he.wikipedia.org,אדמונד שמילוביץ',26,words,False
he.wikipedia.org,אולם יערת העמק,93,words,False
he.wikipedia.org,ברק'ה וולף,21,words,False
he.wikipedia.org,גליקוזילציה,55,words,False
he.wikipedia.org,החברה לחקר המקרא בישראל,112,words,False
he.wikipedia.org,הנג'אדה,24,words,False
he.wikipedia.org,הנס-יואכים קולנקאמפף,15,words,False
he.wikipedia.org,מילקו בייליצה,27,words,False
he.wikipedia.org,ממילא (פירושונים),3,words,False
he.wikipedia.org,מרק מוזס,42,words,False
he.wikipedia.org,סופרהירו,55,words,False
he.wikipedia.org,פרנץ' היל,45,words,False
he.wikipedia.org,קונוב,14,words,False
he.wikipedia.org,רוברט ויליאם וילקוקס,65,words,False
he.wikipedia.org,"רחוב, ברלין (קירכנר)",28,words,False
he.wikipedia.org,רחמים רג'ואן,14,words,False
he.wikipedia.org,רענן נעים,20,words,False
he.wikipedia.org,תומאזו פובגה,18,words,False
he.wikipedia.org,אוקסיטוצין (תרופה),124,words,False
he.wikipedia.org,אנטסיראבה,104,words,False
he.wikipedia.org,בנימין גל-אור,24,words,False
he.wikipedia.org,בקוע,106,words,False
he.wikipedia.org,ברטון פינק,17,words,False
he.wikipedia.org,ג'ט קליין,30,words,False
he.wikipedia.org,דיוויזיית הצי העממית,67,words,False
he.wikipedia.org,האיגוד הבין-לאומי לגאוגרפיה,107,words,False
he.wikipedia.org,המטבח הוונצואלי,168,words,False
he.wikipedia.org,הסמוראי הכסוף,145,words,False
he.wikipedia.org,טEלEנוער,285,words,False
he.wikipedia.org,לחימה,58,words,False
he.wikipedia.org,לטאה חרמונית,28,words,False
he.wikipedia.org,ללוב,25,words,False
he.wikipedia.org,מעגלים (פירושונים),3,words,False
he.wikipedia.org,נזק שאינו ניתן לחלוקה,29,words,False
he.wikipedia.org,סינגלטון,3,words,False
he.wikipedia.org,סינסינטי רדס,22,words,False
he.wikipedia.org,פרדיננד לינדמן,41,words,False
he.wikipedia.org,קן שמרוק,95,words,False
ko.wikipedia.org,1983년 인터콘티넨털컵,219,chars,False
ko.wikipedia.org,CGV 명동역 씨네라이브러리,92,chars,False
ko.wikipedia.org,가압수형 원자로,312,chars,False
ko.wikipedia.org,간독성,449,chars,False
ko.wikipedia.org,교고쿠 다카토모,114,chars,False
ko.wikipedia.org,더 레지던트 (드라마),61,chars,False
ko.wikipedia.org,등나라,29,chars,False
ko.wikipedia.org,로버트 호건,60,chars,False
ko.wikipedia.org,마루가메 제면,176,chars,False
ko.wikipedia.org,마타람 왕국,929,chars,True
ko.wikipedia.org,미드소머 머더스,65,chars,False
ko.wikipedia.org,바르부카속,79,chars,False
ko.wikipedia.org,브루니아목,235,chars,False
ko.wikipedia.org,세계 무역 센터 (1973년~2001년),1400,chars,True
ko.wikipedia.org,손가방,159,chars,False
ko.wikipedia.org,정한호,48,chars,False
ko.wikipedia.org,페라리 F12 엔진,1511,chars,True
ko.wikipedia.org,피터 오노라티,65,chars,False
ko.wikipedia.org,헤밍웨이 인 하바나,197,chars,False
ko.wikipedia.org,현풍,104,chars,False
ko.wikipedia.org,2010년 프랑스 레지옹 선거,174,chars,False
ko.wikipedia.org,A73,89,chars,False
ko.wikipedia.org,JSL컵 1983,26,chars,False
ko.wikipedia.org,고백하기 좋은 날,294,chars,False
ko.wikipedia.org,글로벌페이먼츠,147,chars,False
ko.wikipedia.org,루비콘 (기업),90,chars,False
ko.wikipedia.org,배빗메탈,235,chars,False
ko.wikipedia.org,부르크홀데리아목,192,chars,False
ko.wikipedia.org,사틴 신시진,296,chars,False
ko.wikipedia.org,순창 순화리 삼층석탑,303,chars,False
ko.wikipedia.org,승마연년,31,chars,False
ko.wikipedia.org,어 밀리언 리틀 씽즈,102,chars,False
ko.wikipedia.org,엄순봉,123,chars,False
ko.wikipedia.org,유럽의 영어,672,chars,True
ko.wikipedia.org,쥐앙드노바섬,186,chars,False
ko.wikipedia.org,지방도 제816호선,422,chars,False
ko.wikipedia.org,참모,425,chars,False
ko.wikipedia.org,코스워스,229,chars,False
ko.wikipedia.org,파이겐바움 함수,2503,chars,True
ko.wikipedia.org,Bittersweet (아라시의 노래),37,chars,False
ko.wikipedia.org,GREE,61,chars,False
ko.wikipedia.org,IDN 동형이의어 공격,1040,chars,True
ko.wikipedia.org,Once More 'Round the Sun,350,chars,False
ko.wikipedia.org,개루프 이득,431,chars,False
ko.wikipedia.org,길리건 도덕 발달 이론,22,chars,False
ko.wikipedia.org,녹색당 그린즈 재팬,741,chars,True
ko.wikipedia.org,동경 아리랑,149,chars,False
ko.wikipedia.org,부트스트랩 (프론트엔드 프레임워크),156,chars,False
ko.wikipedia.org,서니 스위니,67,chars,False
ko.wikipedia.org,신지와 읍차,89,chars,False
ko.wikipedia.org,아연 이온 전지,315,chars,False
ko.wikipedia.org,안성 (동음이의),164,chars,False
ko.wikipedia.org,언리얼 엔진 2,208,chars,False
ko.wikipedia.org,오진혁,114,chars,False
ko.wikipedia.org,왕융 (고려),58,chars,False
ko.wikipedia.org,펠리체 델라 로베레,1016,chars,True
ko.wikipedia.org,하케노미야역,111,chars,False
ko.wikipedia.org,흰제비갈매기,477,chars,False
ko.wikipedia.org,5·14 청소년 행동의 날,477,chars,False
ko.wikipedia.org,과학적 제어,112,chars,False
ko.wikipedia.org,교황 아가피토 1세,165,chars,False
ko.wikipedia.org,낙산성곽동길,125,chars,False
ko.wikipedia.org,목요 클럽,190,chars,False
ko.wikipedia.org,배대원,50,chars,False
ko.wikipedia.org,배재중학교 축구부,68,chars,False
ko.wikipedia.org,샨 헤이더,163,chars,False
ko.wikipedia.org,시드니 코브,48,chars,False
ko.wikipedia.org,아나키스트 혁명연합,585,chars,True
ko.wikipedia.org,안와르 이브라힘,1332,chars,True
ko.wikipedia.org,오승훈,153,chars,False
ko.wikipedia.org,오이치역,83,chars,False
ko.wikipedia.org,우툼폰피사이군,78,chars,False
ko.wikipedia.org,이병눌,226,chars,False
ko.wikipedia.org,정 영공,87,chars,False
ko.wikipedia.org,조류 대증식,85,chars,False
ko.wikipedia.org,종유석,537,chars,False
ko.wikipedia.org,테라폼,103,chars,False
ko.wikipedia.org,협녀,62,chars,False
ko.wikipedia.org,Celebrity (음반),53,chars,False
ko.wikipedia.org,GNU 자유 문서 사용 허가서,423,chars,False
ko.wikipedia.org,L album,36,chars,False
ko.wikipedia.org,NRL,133,chars,False
ko.wikipedia.org,게오르크 스테르진스키,108,chars,False
ko.wikipedia.org,그레이의 50가지 그림자 (영화),288,chars,False
ko.wikipedia.org,니와 나가히데,212,chars,False
ko.wikipedia.org,록슬리 (앨라배마주),104,chars,False
ko.wikipedia.org,미토코촌,49,chars,False
ko.wikipedia.org,베벌리힐스 (동음이의),74,chars,False
ko.wikipedia.org,섬광 암점,197,chars,False
ko.wikipedia.org,안도 (여수시),291,chars,False
ko.wikipedia.org,열대성 스프루,179,chars,False
ko.wikipedia.org,재래식 화장실,470,chars,False
ko.wikipedia.org,쿠틉 알시타,854,chars,True
ko.wikipedia.org,타이드,108,chars,False
ko.wikipedia.org,파울 후프슈미트,226,chars,False
ko.wikipedia.org,프라토 교구,150,chars,False
ko.wikipedia.org,현도 (동음이의),168,chars,False
ko.wikipedia.org,후다라쿠산지,243,chars,False
ko.wikipedia.org,2024년 하계 올림픽 그리스 선수단,90,chars,False
ko.wikipedia.org,고려인삼학회,138,chars,False
ko.wikipedia.org,로레토 (마르케주),184,chars,False
ko.wikipedia.org,문재인 정부 울산시장 선거 개입 의혹,479,chars,False
ko.wikipedia.org,물 이야기 (1958년 영화),196,chars,False
ko.wikipedia.org,민아 (성우),62,chars,False
ko.wikipedia.org,비타민 A 결핍,383,chars,False
ko.wikipedia.org,사우스오스트레일리아주,210,chars,False
ko.wikipedia.org,서울여자상업고등학교 여자 정구단,185,chars,False
ko.wikipedia.org,안젤리카 싱글턴 밴 뷰런,313,chars,False
ko.wikipedia.org,앙골라-인도 관계,165,chars,False
ko.wikipedia.org,야마다 마사유키,62,chars,False
ko.wikipedia.org,오이펜-말메디,498,chars,False
ko.wikipedia.org,장영,214,chars,False
ko.wikipedia.org,지고쿠다니 온천,86,chars,False
ko.wikipedia.org,지지 돌린,514,chars,False
ko.wikipedia.org,태백고등학교,35,chars,False
ko.wikipedia.org,퓨처리언스,80,chars,False
ko.wikipedia.org,프라이버시 법,120,chars,False
ko.wikipedia.org,후지 드림 에어라인즈,153,chars,False
ko.wikipedia.org,GTF,146,chars,False
ko.wikipedia.org,구세주 그리스도상,435,chars,False
ko.wikipedia.org,나치노비치,142,chars,False
ko.wikipedia.org,라인 라이더,429,chars,False
ko.wikipedia.org,미카엘 퀴장스,124,chars,False
ko.wikipedia.org,바이브,289,chars,False
ko.wikipedia.org,박현수,24,chars,False
ko.wikipedia.org,보천항,95,chars,False
ko.wikipedia.org,불로대곡동,61,chars,False
ko.wikipedia.org,서아프리카 국가 경제 공동체,287,chars,False
ko.wikipedia.org,송암동,76,chars,False
ko.wikipedia.org,아르투어 슈니츨러,120,chars,False
ko.wikipedia.org,아케치정 (기후현 에나군 1954년),53,chars,False
ko.wikipedia.org,워릭 데이비스,51,chars,False
ko.wikipedia.org,육군사이버사령부,119,chars,False
ko.wikipedia.org,제30회 카를로비바리 국제 영화제,43,chars,False
ko.wikipedia.org,캄포 데 라 레이나 빅토리아,297,chars,False
ko.wikipedia.org,타블로이드 저널리즘,497,chars,False
ko.wikipedia.org,트로얀,180,chars,False
ko.wikipedia.org,픽셀 9 프로 폴드,176,chars,False
ko.wikipedia.org,MOBB,91,chars,False
ko.wikipedia.org,목상동,80,chars,False
ko.wikipedia.org,몬세라토,178,chars,False
ko.wikipedia.org,보티 맥보트페이스,190,chars,False
ko.wikipedia.org,블랜차드의 성전환증 유형론,1298,chars,True
ko.wikipedia.org,사도군,79,chars,False
ko.wikipedia.org,살재,234,chars,False
ko.wikipedia.org,솔트 웰스 파일럿 플랜트,339,chars,False
ko.wikipedia.org,숨도 쉴 수가 없어,512,chars,False
ko.wikipedia.org,시편 82편,319,chars,False
ko.wikipedia.org,신범철 (정치인),73,chars,False
ko.wikipedia.org,실비늘치,166,chars,False
ko.wikipedia.org,에티오피아 인민민주공화국,744,chars,True
ko.wikipedia.org,용감한 형사들,33,chars,False
ko.wikipedia.org,원주시의 지질,38,chars,False
ko.wikipedia.org,윤성은,32,chars,False
ko.wikipedia.org,의령군·함안군·합천군 (1973년 선거구),64,chars,False
ko.wikipedia.org,천덕,168,chars,False
ko.wikipedia.org,칼리지스테이션,75,chars,False
ko.wikipedia.org,트윈시티 남산타워,107,chars,False
ko.wikipedia.org,U.S. 셀룰러 센터,104,chars,False
ko.wikipedia.org,강진화,378,chars,False
ko.wikipedia.org,나우엘우아피호,424,chars,False
ko.wikipedia.org,나치 독일의 국기,488,chars,False
ko.wikipedia.org,노스테일,70,chars,False
ko.wikipedia.org,"녹턴 Op. 9, 2번 (쇼팽)",56,chars,False
ko.wikipedia.org,"다녀왔어, 어서 와",219,chars,False
ko.wikipedia.org,린네풀아과,354,chars,False
ko.wikipedia.org,맷 비저넷,94,chars,False
ko.wikipedia.org,바르나울,117,chars,False
ko.wikipedia.org,배기성,42,chars,False
ko.wikipedia.org,빈 분지,331,chars,False
ko.wikipedia.org,숲덤불쥐,102,chars,False
ko.wikipedia.org,신원섭,102,chars,False
ko.wikipedia.org,싱핑시,111,chars,False
ko.wikipedia.org,앙골,121,chars,False
ko.wikipedia.org,양류 (권투 선수),117,chars,False
ko.wikipedia.org,파동-입자 이중성,292,chars,False
ko.wikipedia.org,페니킬리움 카멤베르티,439,chars,False
ko.wikipedia.org,프라이빗 (영화),103,chars,False
ko.wikipedia.org,2084,44,chars,False
ko.wikipedia.org,Everyday (데이브 매슈스 밴드의 음반),59,chars,False
ko.wikipedia.org,UTC−08:00,51,chars,False
ko.wikipedia.org,구글 파이낸스,446,chars,False
ko.wikipedia.org,더글라스 스튜어트,139,chars,False
ko.wikipedia.org,비뉴클레오사이드 역전사효소 억제제의 발견과 발전,345,chars,False
ko.wikipedia.org,서영교 (역사가),120,chars,False
ko.wikipedia.org,소요촌,56,chars,False
ko.wikipedia.org,시바스바티,413,chars,False
ko.wikipedia.org,시키시마촌 (나라현),52,chars,False
ko.wikipedia.org,아마존의 눈물,198,chars,False
ko.wikipedia.org,양지를 찾아서,73,chars,False
ko.wikipedia.org,예종 (조선),222,chars,False
ko.wikipedia.org,오스트롭스키,173,chars,False
ko.wikipedia.org,윤창석 (1889년),89,chars,False
ko.wikipedia.org,일런 미첼-스미스,93,chars,False
ko.wikipedia.org,제1회 전국동시지방선거 태안군의회,72,chars,False
ko.wikipedia.org,크리스티안 차이츠,168,chars,False
ko.wikipedia.org,한서초등학교,47,chars,False
ko.wikipedia.org,헬리니콘 올림픽 단지,204,chars,False
ar.wikipedia.org,آن هاتشينسون,66,words,False
ar.wikipedia.org,أمين الحافظ (توضيح),13,words,False
ar.wikipedia.org,إنريكي بينياراندا,22,words,False
ar.wikipedia.org,الحلص (العدين),27,words,False
ar.wikipedia.org,الرفقة (المضيبي),34,words,False
ar.wikipedia.org,باتريك ساندرز (ضابط),20,words,False
ar.wikipedia.org,بريسال,23,words,False
ar.wikipedia.org,جوناثان ريختر,22,words,False
ar.wikipedia.org,دوري المؤسسات - البصرة 1948–49,45,words,False
ar.wikipedia.org,شارخي دادري,62,words,False
ar.wikipedia.org,كريستوفر مافومبي,18,words,False
ar.wikipedia.org,كل جمشيد (بهمئي غرمسيري الجنوبي),25,words,False
ar.wikipedia.org,ماي أليسون,20,words,False
ar.wikipedia.org,محمد أمين الأميني,27,words,False
ar.wikipedia.org,محمد علي الحسني,72,words,False
ar.wikipedia.org,ميرا كوهن,19,words,False
ar.wikipedia.org,نادي الفتح موسم 2018–19,46,words,False
ar.wikipedia.org,نادي المدام,29,words,False
ar.wikipedia.org,وقعة الحفرة,50,words,False
ar.wikipedia.org,يان أولريش,149,words,False
ar.wikipedia.org,أدولف إدوارد مارشنر,29,words,False
ar.wikipedia.org,أو تي-14جروزا,69,words,False
ar.wikipedia.org,الإسلام في جامايكا,47,words,False
ar.wikipedia.org,الرئيس (شجرة),94,words,False
ar.wikipedia.org,العلاقات الصينية الإسواتينية,11,words,False
ar.wikipedia.org,العلاقات الفرنسية الليختنشتانية,11,words,False
ar.wikipedia.org,تزي أوحمو (آيت وسيف وتلامت),39,words,False
ar.wikipedia.org,ثقافة إثيوبيا,71,words,False
ar.wikipedia.org,جيريميا مانيلي,117,words,False
ar.wikipedia.org,ديفيد رومر,15,words,False
ar.wikipedia.org,سيوال رايت,54,words,False
ar.wikipedia.org,شركة البحر الميت 1618,61,words,False
ar.wikipedia.org,كارول صقر,71,words,False
ar.wikipedia.org,لويد نويل فيرغسون,25,words,False
ar.wikipedia.org,مارغريت غيلبرت,19,words,False
ar.wikipedia.org,مايك كيلي (مدرب هوكي جليد),12,words,False
ar.wikipedia.org,منزلق فرويد,69,words,False
ar.wikipedia.org,ناجي بن عمر بن بريك,26,words,False
ar.wikipedia.org,نظيم الزوب (القريشية),24,words,False
ar.wikipedia.org,نوفان (ولد ربيع),24,words,False
ar.wikipedia.org,NGC 5937,20,words,False
ar.wikipedia.org,أجرتلا,89,words,False
ar.wikipedia.org,الغربة (ألبوم),11,words,False
ar.wikipedia.org,جامعة بوكنل,32,words,False
ar.wikipedia.org,جلسة قهوة (رواية),75,words,False
ar.wikipedia.org,خافيير مارتينيز (لاعب كرة قاعدة),20,words,False
ar.wikipedia.org,دانيال دبليو. مكارثي,12,words,False
ar.wikipedia.org,دانييلي فيكانيا,39,words,False
ar.wikipedia.org,رأس العيون,8,words,False
ar.wikipedia.org,سمك أبيض,33,words,False
ar.wikipedia.org,سوساوات حقيقية,19,words,False
ar.wikipedia.org,شركة ماجبول,98,words,False
ar.wikipedia.org,قائمة الشركات في أندورا,56,words,False
ar.wikipedia.org,قليلا من الجنة (فلم),25,words,False
ar.wikipedia.org,كاتيو,27,words,False
ar.wikipedia.org,لهبارة (أولاد سالم),35,words,False
ar.wikipedia.org,مسطرة النقاش (كوكبة),51,words,False
ar.wikipedia.org,منتخب تنزانيا لاتحاد الرغبي,22,words,False
ar.wikipedia.org,ويليام وول (توضيح),23,words,False
ar.wikipedia.org,يوهان غوستاف هيرميس,30,words,False
ar.wikipedia.org,(31702) 1999 JD41,45,words,False
ar.wikipedia.org,أدريان الأول,26,words,False
ar.wikipedia.org,إدوارد أورد,33,words,False
ar.wikipedia.org,إيست شيكاغو,32,words,False
ar.wikipedia.org,اميد مجد,21,words,False
ar.wikipedia.org,بول بارتل,45,words,False
ar.wikipedia.org,جزيرة لييا,23,words,False
ar.wikipedia.org,جوناثان ألفاريز,47,words,False
ar.wikipedia.org,جيانيني اماديو,24,words,False
ar.wikipedia.org,حاجز أطرانط,116,words,False
ar.wikipedia.org,دوري أندورا الممتاز 1998–99,40,words,False
ar.wikipedia.org,ديف كيلي (لاعب هوكي الجليد كندي),17,words,False
ar.wikipedia.org,روبي ريان (مصور),56,words,False
ar.wikipedia.org,رون سميث (صحفي),31,words,False
ar.wikipedia.org,سلرولة,18,words,False
ar.wikipedia.org,سلطان سلمان العجمي,56,words,False
ar.wikipedia.org,لاري هيرد,23,words,False
ar.wikipedia.org,ليو باتلر,17,words,False
ar.wikipedia.org,محمد رضا نقدي,14,words,False
ar.wikipedia.org,هيولت هاربور (نيويورك),33,words,False
ar.wikipedia.org,(36240) 1999 VN44,41,words,False
ar.wikipedia.org,HIC2,14,words,False
ar.wikipedia.org,ألبير ريمي,26,words,False
ar.wikipedia.org,أيمن رزوق,66,words,False
ar.wikipedia.org,إد الحاج (تمجاض),39,words,False
ar.wikipedia.org,الخريسية (الجميمة),22,words,False
ar.wikipedia.org,بالكونتشان,16,words,False
ar.wikipedia.org,بوب كالاهان,27,words,False
ar.wikipedia.org,تي. إتش. وايت,24,words,False
ar.wikipedia.org,حكومة صلاح الدين البيطار الثانية,65,words,False
ar.wikipedia.org,دان سميث (لاعب كرة قدم),54,words,False
ar.wikipedia.org,سيدريك كوكس,31,words,False
ar.wikipedia.org,فانادات,83,words,False
ar.wikipedia.org,لا برايري (توضيح),29,words,False
ar.wikipedia.org,لغم,79,words,False
ar.wikipedia.org,لويس أسيفيدو,27,words,False
ar.wikipedia.org,مو المجمرة,115,words,False
ar.wikipedia.org,نبو بلاتسو يقبي,79,words,False
ar.wikipedia.org,نقص حمض يوريك الدم,82,words,False
ar.wikipedia.org,وديع دادا,36,words,False
ar.wikipedia.org,أدريانا سانتوس,37,words,False
ar.wikipedia.org,أرام النهرين,92,words,False
ar.wikipedia.org,أرقية,24,words,False
ar.wikipedia.org,أندريه ميجر,15,words,False
ar.wikipedia.org,إس تي ميكروإلكترونكس,20,words,False
ar.wikipedia.org,اقتصاد اشتراكي,163,words,False
ar.wikipedia.org,الدوري التشيلي لكرة القدم 1966,30,words,False
ar.wikipedia.org,الكلية التقنية الهندسية (المسيب),79,words,False
ar.wikipedia.org,تجربة تروتون ونوبل,156,words,False
ar.wikipedia.org,جوزيبي بيانكي (سياسي),27,words,False
ar.wikipedia.org,دانيال ليون (لاعب كرة قدم),17,words,False
ar.wikipedia.org,رحالة آيت مرغاد آيت إزدك (آيت إزدك),30,words,False
ar.wikipedia.org,قائمة الحدائق الحسية,25,words,False
ar.wikipedia.org,قرطبة (سيبو),56,words,False
ar.wikipedia.org,كيمياء كهروضوئية كمية,209,words,False
ar.wikipedia.org,لباس (كرة قدم),275,words,False
ar.wikipedia.org,مانويل ميكيل رودريغيز,36,words,False
ar.wikipedia.org,محمد عبد الغني حسن,21,words,False
ar.wikipedia.org,مهدي بن نصيب,20,words,False
ar.wikipedia.org,هلفيلة مسودة,16,words,False
ar.wikipedia.org,PCSK9,27,words,False
ar.wikipedia.org,الأبيار (توضيح),4,words,False
ar.wikipedia.org,الفجر الأحمر (فلم),88,words,False
ar.wikipedia.org,بولامونية,15,words,False
ar.wikipedia.org,تورستن هوفمان,42,words,False
ar.wikipedia.org,ديفيندر بال سينج بولار,123,words,False
ar.wikipedia.org,روبن هكتور سوسا,38,words,False
ar.wikipedia.org,ساندي براون,45,words,False
ar.wikipedia.org,سسيس,21,words,False
ar.wikipedia.org,علم مركب,17,words,False
ar.wikipedia.org,غراهام فرازير,23,words,False
ar.wikipedia.org,قائمة أعضاء مجلس النواب العراقي - الدورة العاشرة,33,words,False
ar.wikipedia.org,كليفتون (مقاطعة مونرو),46,words,False
ar.wikipedia.org,كين دوغان,16,words,False
ar.wikipedia.org,لويفي,32,words,False
ar.wikipedia.org,ليلى ليجون,36,words,False
ar.wikipedia.org,محمد بن زعل,69,words,False
ar.wikipedia.org,نانسي جيه. كوري,19,words,False
ar.wikipedia.org,نظرية مرافق الجذر المركب,86,words,False
ar.wikipedia.org,نيل سميث (توضيح),76,words,False
ar.wikipedia.org,(27721) 1989 WJ,39,words,False
ar.wikipedia.org,(74393) 1998 XX56,45,words,False
ar.wikipedia.org,الصليب الأحمر الياباني,61,words,False
ar.wikipedia.org,الهامستر السوري المختبري,69,words,False
ar.wikipedia.org,جورج ليبيس,38,words,False
ar.wikipedia.org,جوسيبي روس,29,words,False
ar.wikipedia.org,خوان دي ديوس فيليبرتو,48,words,False
ar.wikipedia.org,ران جورين,27,words,False
ar.wikipedia.org,رونيل كوستا,36,words,False
ar.wikipedia.org,رينيه غونزاليس,20,words,False
ar.wikipedia.org,سفارة روسيا في البرازيل,23,words,False
ar.wikipedia.org,سيمونتا بلانيتا,25,words,False
ar.wikipedia.org,سينمائيات (مسلسل),50,words,False
ar.wikipedia.org,شارقنج (ألقورات),19,words,False
ar.wikipedia.org,كيراتين الشعر من النمط الثاني,26,words,False
ar.wikipedia.org,مارثا هاكيت,17,words,False
ar.wikipedia.org,مقام النبي هارون,13,words,False
ar.wikipedia.org,هارون روسو,36,words,False
ar.wikipedia.org,هنري كينغ,32,words,False
ar.wikipedia.org,هوغو سانتانا,26,words,False
ar.wikipedia.org,(38336) 1999 RZ134,45,words,False
ar.wikipedia.org,أوليفر درايفر,17,words,False
ar.wikipedia.org,إيناكي دي ميغيل,41,words,False
ar.wikipedia.org,اريك لاكروا,16,words,False
ar.wikipedia.org,استفتاء استقلال مرتفعات قرة باغ 1991,30,words,False
ar.wikipedia.org,الحركة المصرية من أجل التغيير,90,words,False
ar.wikipedia.org,باقعيش (الضليعة),22,words,False
ar.wikipedia.org,برايان بالغريف,33,words,False
ar.wikipedia.org,بني علي (أولاد ازباير),38,words,False
ar.wikipedia.org,جمعية كشافة ماكاو,79,words,False
ar.wikipedia.org,جين فيريس,19,words,False
ar.wikipedia.org,داريل شاني,20,words,False
ar.wikipedia.org,داني كور (لاعب كرة قدم),42,words,False
ar.wikipedia.org,سامسونج جالكسي إس ديوس 2,100,words,False
ar.wikipedia.org,طامي بن شعيب المتحمي,64,words,False
ar.wikipedia.org,فرابوسا سوبرانا,84,words,False
ar.wikipedia.org,فولك بيرغمان,21,words,False
ar.wikipedia.org,ليا إبرية,15,words,False
ar.wikipedia.org,مقاومة ساسون 1894,28,words,False
ar.wikipedia.org,نورة غوين,29,words,False
ar.wikipedia.org,أوزوالد ويست,68,words,False
ar.wikipedia.org,الجرشي (يهر),21,words,False
ar.wikipedia.org,الدوري الألماني 1996–97,19,words,False
ar.wikipedia.org,بينج تشنغ,17,words,False
ar.wikipedia.org,بينينو أكينو,115,words,False
ar.wikipedia.org,تلمساوت (تزيوكت),35,words,False
ar.wikipedia.org,جيمس آرثر أندرسون,15,words,False
ar.wikipedia.org,ريتشارد فون شوبرت,29,words,False
ar.wikipedia.org,سون يي جن,119,words,False
ar.wikipedia.org,سيلسو أموريم,30,words,False
ar.wikipedia.org,شوسوكي كاتاياما,23,words,False
ar.wikipedia.org,قائمة الويلزيين الحاصلين على جائزة نوبل,69,words,False
ar.wikipedia.org,قصر (المغرب العربي),63,words,False
ar.wikipedia.org,كاميرون غوردون,16,words,False
ar.wikipedia.org,كلية العلوم الإسلامية (جامعة الوادي),33,words,False
ar.wikipedia.org,لورينزو ميلجاريجو,18,words,False
ar.wikipedia.org,مسلمون سويديون من أجل السلام والعدالة,103,words,False
ar.wikipedia.org,مغيمييمة (تيسينت),25,words,False
ar.wikipedia.org,هارون آيكهورن,22,words,False
ar.wikipedia.org,هوارد إي. كوفين,33,words,False
id.wikipedia.org,2003 UM292,35,words,False
id.wikipedia.org,Aoi Nishimata,92,words,False
id.wikipedia.org,Ashthon Jones,22,words,False
id.wikipedia.org,Hilobothea latevittata,50,words,False
id.wikipedia.org,Itje Siti Dewi Kuraesin,45,words,False
id.wikipedia.org,"Jiwa Baru, Lubai, Muara Enim",18,words,False
id.wikipedia.org,"Kanonang Dua, Kawangkoan Barat, Minahasa",13,words,False
id.wikipedia.org,Kepler-654b,24,words,False
id.wikipedia.org,Keuskupan Mahagi–Nioka,26,words,False
id.wikipedia.org,Kevin MacLeod,99,words,False
id.wikipedia.org,Liu Zhang (rapper),54,words,False
id.wikipedia.org,Nomor telepon di Azerbaijan,22,words,False
id.wikipedia.org,Olearia algida,60,words,False
id.wikipedia.org,Onthophagus rubens,39,words,False
id.wikipedia.org,Perjanjian Laut Britania Raya–Jerman,76,words,False
id.wikipedia.org,Random House,39,words,False
id.wikipedia.org,Resource Alam Indonesia,34,words,False
id.wikipedia.org,Selebor,125,words,False
id.wikipedia.org,"Serai Serumpun, Tebo",10,words,False
id.wikipedia.org,Vali Nasr,70,words,False
id.wikipedia.org,2011 YT62,29,words,False
id.wikipedia.org,Battlefield 2142,85,words,False
id.wikipedia.org,Boris Pistorius,121,words,False
id.wikipedia.org,Ianthella labyrinthus,64,words,False
id.wikipedia.org,Isoxya reuteri,37,words,False
id.wikipedia.org,Katedral Daegu,114,words,False
id.wikipedia.org,Keuskupan Buéa,21,words,False
id.wikipedia.org,Kiichiro Hiranuma,70,words,False
id.wikipedia.org,"Klasimigik, Makbon, Sorong",20,words,False
id.wikipedia.org,"Kracak, Ajibarang, Banyumas",332,words,True
id.wikipedia.org,"Nuspairo, Soug Jaya, Teluk Wondama",12,words,False
id.wikipedia.org,Onthophagus mocquerysi,39,words,False
id.wikipedia.org,Solomon and Gaenor,53,words,False
id.wikipedia.org,Sonic Youth,45,words,False
id.wikipedia.org,Stasiun kereta api Agomani,23,words,False
id.wikipedia.org,Sub-Komisi Promosi dan Perlindungan Hak Asasi Manusia,30,words,False
id.wikipedia.org,Subotica,36,words,False
id.wikipedia.org,"Sukahaji, Tegalwaru, Purwakarta",11,words,False
id.wikipedia.org,Tokugawa Ienobu,52,words,False
id.wikipedia.org,Widika Sidmore,13,words,False
id.wikipedia.org,(5660) 1974 MA,30,words,False
id.wikipedia.org,Agrilus sanatus,44,words,False
id.wikipedia.org,Daftar Wali Kota Padangsidimpuan,6,words,False
id.wikipedia.org,Dataran Tinggi Tengah,99,words,False
id.wikipedia.org,Demi Lovato: Dancing with the Devil,92,words,False
id.wikipedia.org,Encephalartos relictus,49,words,False
id.wikipedia.org,Enver Hoxha,303,words,True
id.wikipedia.org,"Gereja Ratu Damai, Faith Avenue",56,words,False
id.wikipedia.org,Grand Prix Sepeda Motor musim 2011,276,words,False
id.wikipedia.org,Gunung Tilu,204,words,False
id.wikipedia.org,"Kiwu, Kilo, Dompu",15,words,False
id.wikipedia.org,"Larangan, Candi, Sidoarjo",12,words,False
id.wikipedia.org,Like Ooh-Ahh,60,words,False
id.wikipedia.org,Lukisan kaca,43,words,False
id.wikipedia.org,Premochtherus dichromopygus,39,words,False
id.wikipedia.org,"Selading, Pulau Tiga Barat, Natuna",18,words,False
id.wikipedia.org,Spinopterolophia pterolophioides,49,words,False
id.wikipedia.org,Surah Al-Fath,113,words,False
id.wikipedia.org,Bandar Udara Jendarata,41,words,False
id.wikipedia.org,Daftar Menteri Luar Negeri Republik Tiongkok,8,words,False
id.wikipedia.org,"Dangkan Kota, Silat Hulu, Kapuas Hulu",15,words,False
id.wikipedia.org,Derek Tsang,18,words,False
id.wikipedia.org,"Durenombo, Subah, Batang",12,words,False
id.wikipedia.org,Jish,77,words,False
id.wikipedia.org,Kabupaten Banggai Laut,126,words,False
id.wikipedia.org,Monyet titi ekor-putih,35,words,False
id.wikipedia.org,Moto3 musim 2018,78,words,False
id.wikipedia.org,"Ngemplak, Windusari, Magelang",10,words,False
id.wikipedia.org,Palirika whyalla,39,words,False
id.wikipedia.org,Pemeriksaan fakta,145,words,False
id.wikipedia.org,Penyerbu kuasa,174,words,False
id.wikipedia.org,Phytomyza nepetae,28,words,False
id.wikipedia.org,SMA Negeri 1 Simpang Ulim,47,words,False
id.wikipedia.org,"Sukajaya, Kotawaringin Lama, Kotawaringin Barat",16,words,False
id.wikipedia.org,"Taraitak, Langowan Utara, Minahasa",28,words,False
id.wikipedia.org,Teen Choice Awards 2012,20,words,False
id.wikipedia.org,The Game That Kills,27,words,False
id.wikipedia.org,Ulyanovsk Mechanical Plant,39,words,False
id.wikipedia.org,Agrilus badius,44,words,False
id.wikipedia.org,Bekam,179,words,False
id.wikipedia.org,Bulbophyllum ochthochilum,39,words,False
id.wikipedia.org,Béla II dari Hungaria,163,words,False
id.wikipedia.org,Dendrobium normanbyense,38,words,False
id.wikipedia.org,Hemerobiidae,129,words,False
id.wikipedia.org,Hyagnis subtuberculipennis,50,words,False
id.wikipedia.org,"Inyora, Naikere, Teluk Wondama",11,words,False
id.wikipedia.org,Karang James,53,words,False
id.wikipedia.org,Katedral Metz,197,words,False
id.wikipedia.org,Kota Guayana,54,words,False
id.wikipedia.org,La chimera,132,words,False
id.wikipedia.org,Lasiophrys latifrons,50,words,False
id.wikipedia.org,Macbeth (film 1948),33,words,False
id.wikipedia.org,Perlintasan Wadi Araba,92,words,False
id.wikipedia.org,Prithika Pavade,22,words,False
id.wikipedia.org,Sarkofagus Pembangkit Listrik Tenaga Nuklir Chernobyl,169,words,False
id.wikipedia.org,Sel progenitor,70,words,False
id.wikipedia.org,"Tobimeita, Nambo, Kendari",15,words,False
id.wikipedia.org,Tunang,72,words,False
id.wikipedia.org,A-ha,215,words,False
id.wikipedia.org,"Bangbayang, Cipaku, Ciamis",12,words,False
id.wikipedia.org,"Blang Ubit, Madat, Aceh Timur",17,words,False
id.wikipedia.org,"Choi Jung-won (pemeran, lahir 1981)",45,words,False
id.wikipedia.org,Creation of the Gods I: Kingdom of Storms,55,words,False
id.wikipedia.org,"Curugrendeng, Jalancagak, Subang",27,words,False
id.wikipedia.org,Daftar Presiden Nigeria,48,words,False
id.wikipedia.org,Dissaporus cachani,49,words,False
id.wikipedia.org,Elang kekaisaran timur,189,words,False
id.wikipedia.org,Eunidia nigrosignata,49,words,False
id.wikipedia.org,Hemesthocera,48,words,False
id.wikipedia.org,"Kapel Santo Yosef, Fiua",41,words,False
id.wikipedia.org,Kepler-280c,24,words,False
id.wikipedia.org,Liga Utama Inggris 1998–1999,16,words,False
id.wikipedia.org,"Muara Sungkai, Lampung Utara",12,words,False
id.wikipedia.org,Panicum petersonii,55,words,False
id.wikipedia.org,Pemilihan umum Wali Kota Gorontalo 2018,61,words,False
id.wikipedia.org,Poti,39,words,False
id.wikipedia.org,Tmesisternus finisterrae,50,words,False
id.wikipedia.org,Varlam Shalamov,63,words,False
id.wikipedia.org,Agaleptus quadrinotatus,49,words,False
id.wikipedia.org,"Bahta, Bonti, Sanggau",12,words,False
id.wikipedia.org,Chrysobothris dilaticollis,39,words,False
id.wikipedia.org,Danau Mansar,138,words,False
id.wikipedia.org,Dara-laut batu,10,words,False
id.wikipedia.org,Dirk Frimout,66,words,False
id.wikipedia.org,Elfodd,162,words,False
id.wikipedia.org,Englischer Garten,65,words,False
id.wikipedia.org,Erigone barrowsi,40,words,False
id.wikipedia.org,Jack Pennick,36,words,False
id.wikipedia.org,"Karangmojo, Kartoharjo, Magetan",18,words,False
id.wikipedia.org,Kota mode,146,words,False
id.wikipedia.org,LSS (film),54,words,False
id.wikipedia.org,Philoglossa,29,words,False
id.wikipedia.org,"Plosorejo, Randublatung, Blora",10,words,False
id.wikipedia.org,Spyglass Media Group,32,words,False
id.wikipedia.org,Stauntonia crassifolia,23,words,False
id.wikipedia.org,"Tanjung Agung, Tanjung Agung Palik, Bengkulu Utara",17,words,False
id.wikipedia.org,"Tarakan Utara, Tarakan",20,words,False
id.wikipedia.org,Álvaro Díaz González,89,words,False
id.wikipedia.org,2004 JO12,29,words,False
id.wikipedia.org,"Bekutuk, Randublatung, Blora",10,words,False
id.wikipedia.org,Cangzhou,69,words,False
id.wikipedia.org,Carex integra,55,words,False
id.wikipedia.org,Denis Halilović,12,words,False
id.wikipedia.org,"Donosari, Patebon, Kendal",65,words,False
id.wikipedia.org,Gerakan Bhoodan,37,words,False
id.wikipedia.org,Ibrahim Yaakob,87,words,False
id.wikipedia.org,Japanagromyza jamaicensis,28,words,False
id.wikipedia.org,Mata Grande,13,words,False
id.wikipedia.org,Merionoeda apicicornis,49,words,False
id.wikipedia.org,Orang Rusia di Azerbaijan,85,words,False
id.wikipedia.org,Penuriangan,101,words,False
id.wikipedia.org,Piala AFC 2019,73,words,False
id.wikipedia.org,Roy Mukhlis,15,words,False
id.wikipedia.org,Sahib Biwi Gulam,47,words,False
id.wikipedia.org,"Sungai Kumap, Muara Uya, Tabalong",15,words,False
id.wikipedia.org,"Tanjung Beringin, Luas, Kaur",13,words,False
id.wikipedia.org,"Tejo, Kanor, Bojonegoro",16,words,False
id.wikipedia.org,Uang logam 10 sen Australia,35,words,False
id.wikipedia.org,Acartus abyssinicus,50,words,False
id.wikipedia.org,Aelurillus schembrii,41,words,False
id.wikipedia.org,Angelica Moratelli,65,words,False
id.wikipedia.org,Blok cabang berkas kiri,40,words,False
id.wikipedia.org,Boneka seks,112,words,False
id.wikipedia.org,Charles Addams,46,words,False
id.wikipedia.org,Daftar Bupati Natuna,45,words,False
id.wikipedia.org,Daftar katedral di Somaliland,9,words,False
id.wikipedia.org,"Dewua, Poso Pesisir Selatan, Poso",13,words,False
id.wikipedia.org,Empu Panuluh,67,words,False
id.wikipedia.org,Halte Transjakarta Cawang Cililitan,57,words,False
id.wikipedia.org,"Mekarmulya, Pamarican, Ciamis",10,words,False
id.wikipedia.org,Nefritis,172,words,False
id.wikipedia.org,Pak Ngah,22,words,False
id.wikipedia.org,Penipisan ozon dan perubahan iklim,113,words,False
id.wikipedia.org,Perampasan lahan,139,words,False
id.wikipedia.org,Serangan markas besar TUSAŞ 2024,27,words,False
id.wikipedia.org,Thomas J. Geraghty,48,words,False
id.wikipedia.org,Willy Dozan,32,words,False
id.wikipedia.org,Yuji Hashimoto,12,words,False
id.wikipedia.org,1267,58,words,False
id.wikipedia.org,2001 DU108,35,words,False
id.wikipedia.org,2009 SO104,29,words,False
id.wikipedia.org,2011 MJ,29,words,False
id.wikipedia.org,Billy Koumetio,18,words,False
id.wikipedia.org,Dichotomius missionus,39,words,False
id.wikipedia.org,Jepsonia,73,words,False
id.wikipedia.org,Jonathan Gordon,33,words,False
id.wikipedia.org,"Kelubir, Tanjung Palas Utara, Bulungan",14,words,False
id.wikipedia.org,Neoclytus patagonicus,49,words,False
id.wikipedia.org,Onthophagus phrutsaphaakhomus,39,words,False
id.wikipedia.org,"Periuk, Tangerang",21,words,False
id.wikipedia.org,Rickshawkaran,21,words,False
id.wikipedia.org,Ryoga Sekihara,12,words,False
id.wikipedia.org,Stadion Oepoi,31,words,False
id.wikipedia.org,Stasiun kereta api Terowie,12,words,False
id.wikipedia.org,"Tamansari, Tamansari, Bogor",12,words,False
id.wikipedia.org,The Book Thief (film),234,words,False
id.wikipedia.org,Tionghoa Suriname,95,words,False
id.wikipedia.org,"Ōmachi, Saga",17,words,False
uk.wikipedia.org,2-га авіаційна дивізія (Третій Рейх),20,words,False
uk.wikipedia.org,Alliance Pipeline,326,words,True
uk.wikipedia.org,MFSD11,52,words,False
uk.wikipedia.org,NGC 4903,32,words,False
uk.wikipedia.org,Oecanthus beameri,13,words,False
uk.wikipedia.org,Буянкур-ан-Сері,35,words,False
uk.wikipedia.org,Квіткоріг,32,words,False
uk.wikipedia.org,Красні Зорі (Волгоградська область),26,words,False
uk.wikipedia.org,Ладден (Північна Дакота),20,words,False
uk.wikipedia.org,Мансфілд (Массачусетс),20,words,False
uk.wikipedia.org,Мосальське (Воронезька область),24,words,False
uk.wikipedia.org,Мустажон,36,words,False
uk.wikipedia.org,Ньюпорт (Делавер),18,words,False
uk.wikipedia.org,Прем'єр-ліга (Буркіна-Фасо),54,words,False
uk.wikipedia.org,Скулинська,18,words,False
uk.wikipedia.org,Тител (община),24,words,False
uk.wikipedia.org,Тхакургаон (зіла),92,words,False
uk.wikipedia.org,Форд Конно,18,words,False
uk.wikipedia.org,Хімічна реакція інсерції,39,words,False
uk.wikipedia.org,Шумова температура антени,207,words,False
uk.wikipedia.org,Lishulong,24,words,False
uk.wikipedia.org,Pristidactylus araucanus,10,words,False
uk.wikipedia.org,Вейн Мак-Індо,24,words,False
uk.wikipedia.org,Відеодокумент,54,words,False
uk.wikipedia.org,Гуків (струмок),16,words,False
uk.wikipedia.org,Дискографія AFI,26,words,False
uk.wikipedia.org,Дискретне перетворення Фур'є,49,words,False
uk.wikipedia.org,Зелений Бор (Вельський район),26,words,False
uk.wikipedia.org,Касим Кадиров,30,words,False
uk.wikipedia.org,Красново (Ісетський район),30,words,False
uk.wikipedia.org,Латвійська академія музики,78,words,False
uk.wikipedia.org,Мафія PayPal,59,words,False
uk.wikipedia.org,Рудно-Кмеце,28,words,False
uk.wikipedia.org,Селісок,28,words,False
uk.wikipedia.org,Список округів Франції,30,words,False
uk.wikipedia.org,Су-33УБ,35,words,False
uk.wikipedia.org,Суботівський історичний музей,100,words,False
uk.wikipedia.org,Хадано,4,words,False
uk.wikipedia.org,Хренюк Василь Олександрович,33,words,False
uk.wikipedia.org,Allium pendulinum,16,words,False
uk.wikipedia.org,PPFIA2,52,words,False
uk.wikipedia.org,SF3B5,56,words,False
uk.wikipedia.org,USS Gudgeon,61,words,False
uk.wikipedia.org,Ібарацький університет,39,words,False
uk.wikipedia.org,Агуакатеки,237,words,False
uk.wikipedia.org,Вольтерсдорф (Шлезвіг-Гольштейн),35,words,False
uk.wikipedia.org,Довсон-Крік,19,words,False
uk.wikipedia.org,Липівка (Полєський район),22,words,False
uk.wikipedia.org,Лінія Гінденбурга,111,words,False
uk.wikipedia.org,Масив,15,words,False
uk.wikipedia.org,Мілан Бачі,27,words,False
uk.wikipedia.org,Ніжність (значення),6,words,False
uk.wikipedia.org,Остапенко Андрій Маркіянович,40,words,False
uk.wikipedia.org,Роналд (Вашингтон),19,words,False
uk.wikipedia.org,Труфанов Сергій Михайлович,47,words,False
uk.wikipedia.org,Шахи у живописі,73,words,False
uk.wikipedia.org,Шенцев Дмитро Олексійович,32,words,False
uk.wikipedia.org,Ян Баєр,103,words,False
uk.wikipedia.org,Іст-Самтер (Південна Кароліна),21,words,False
uk.wikipedia.org,Бариш Олег Миколайович,36,words,False
uk.wikipedia.org,Галашеви,36,words,False
uk.wikipedia.org,Джорджо Дель Веккіо,32,words,False
uk.wikipedia.org,Електронний суд,42,words,False
uk.wikipedia.org,Квітневе (Кропивницький район),26,words,False
uk.wikipedia.org,Книга Левит,62,words,False
uk.wikipedia.org,Коростильов,25,words,False
uk.wikipedia.org,Любятув (Стшелецько-Дрезденецький повіт),27,words,False
uk.wikipedia.org,Модальна нотація,95,words,False
uk.wikipedia.org,Монровія,83,words,False
uk.wikipedia.org,Плезантон (Айова),19,words,False
uk.wikipedia.org,Прісногірковський сільський округ,106,words,False
uk.wikipedia.org,Список депутатів Верховної Ради СРСР 4 скликання,48,words,False
uk.wikipedia.org,Терпуг смугастий,50,words,False
uk.wikipedia.org,Тунджа (річка),65,words,False
uk.wikipedia.org,Френк Коррадо,19,words,False
uk.wikipedia.org,Чепелі (Золочівський район),36,words,False
uk.wikipedia.org,Швидкість світла,419,words,True
uk.wikipedia.org,Якоб ван Кампен,26,words,False
uk.wikipedia.org,1-й Західний провулок (Житомир),10,words,False
uk.wikipedia.org,Free Bird,128,words,False
uk.wikipedia.org,GIGYF2,53,words,False
uk.wikipedia.org,"Indianapolis Tennis Classic 1992, парний розряд",38,words,False
uk.wikipedia.org,Le Figaro,167,words,False
uk.wikipedia.org,Mercedes Benz,77,words,False
uk.wikipedia.org,Pseudostegophilus,31,words,False
uk.wikipedia.org,Асіа Гранатурофф,36,words,False
uk.wikipedia.org,"Без назви (с. Червоносілка, притока Лохниці)",20,words,False
uk.wikipedia.org,Гітрі (Ер),46,words,False
uk.wikipedia.org,Домп'єрр-Бекенкур,34,words,False
uk.wikipedia.org,Захарченко Іван Карпович,19,words,False
uk.wikipedia.org,Лучка (Охтирський район),26,words,False
uk.wikipedia.org,Маршалл Маклуен,68,words,False
uk.wikipedia.org,Регламент про паковання та відходи паковання,146,words,False
uk.wikipedia.org,Скунс смугастий,12,words,False
uk.wikipedia.org,Смірнов Ростислав Володимирович,29,words,False
uk.wikipedia.org,Спіньов Микола Миколайович,28,words,False
uk.wikipedia.org,Усипальня Лю Шена,33,words,False
uk.wikipedia.org,Cladoselache,57,words,False
uk.wikipedia.org,Ігнацій Спіридович,22,words,False
uk.wikipedia.org,Іст-Пасадена (Каліфорнія),20,words,False
uk.wikipedia.org,Анкона (провінція),29,words,False
uk.wikipedia.org,Бред Генрі,29,words,False
uk.wikipedia.org,Бургас (аеропорт),113,words,False
uk.wikipedia.org,Водяний млин (Півні),50,words,False
uk.wikipedia.org,Джон Гілберт,44,words,False
uk.wikipedia.org,Кардіохірургія,31,words,False
uk.wikipedia.org,Козино (Курська область),14,words,False
uk.wikipedia.org,Новиков Володимир Михайлович,32,words,False
uk.wikipedia.org,Пам'ятки архітектури Шосткинського району,11,words,False
uk.wikipedia.org,Сен-Кристоф-Валлон,43,words,False
uk.wikipedia.org,Середньочеський кубок з футболу 1934,29,words,False
uk.wikipedia.org,Скверчин-Двур,27,words,False
uk.wikipedia.org,Толлер,64,words,False
uk.wikipedia.org,Тракощан (Бедня),15,words,False
uk.wikipedia.org,Чухово (Тверська область),24,words,False
uk.wikipedia.org,Янсзон,61,words,False
uk.wikipedia.org,Can't Catch Me Now,290,words,False
uk.wikipedia.org,HD36697,28,words,False
uk.wikipedia.org,Іванці,27,words,False
uk.wikipedia.org,Арунас Валінскас,66,words,False
uk.wikipedia.org,Беспалова Людмила Андріївна,29,words,False
uk.wikipedia.org,Вовк гімалайський,168,words,False
uk.wikipedia.org,Грабя-Третя,23,words,False
uk.wikipedia.org,Егідіус Куріс,188,words,False
uk.wikipedia.org,Емі Генніг,110,words,False
uk.wikipedia.org,Жечиці (Сілезьке воєводство),27,words,False
uk.wikipedia.org,Жиргалбаєв Узак,57,words,False
uk.wikipedia.org,Кораб (хребет),65,words,False
uk.wikipedia.org,Косоключанський,24,words,False
uk.wikipedia.org,Марлтон (Нью-Джерсі),20,words,False
uk.wikipedia.org,О-подібні знаки,29,words,False
uk.wikipedia.org,Після третього дзвінка вхід до зали забороняється,29,words,False
uk.wikipedia.org,Сидоренко Андрій Володимирович,29,words,False
uk.wikipedia.org,Суен-Кюбрі-Шарантене,42,words,False
uk.wikipedia.org,Харківський провулок (Київ),21,words,False
uk.wikipedia.org,Чиребонці,118,words,False
uk.wikipedia.org,Russian Circles / These Arms Are Snakes,71,words,False
uk.wikipedia.org,Іден-Валлі (Міннесота),22,words,False
uk.wikipedia.org,Атімія,193,words,False
uk.wikipedia.org,Віттінген,31,words,False
uk.wikipedia.org,Гасова лампа,66,words,False
uk.wikipedia.org,Гері Гіллеспі,28,words,False
uk.wikipedia.org,Глєбова Горка,25,words,False
uk.wikipedia.org,Дизайн їжі,39,words,False
uk.wikipedia.org,Дистимія,75,words,False
uk.wikipedia.org,Дубово-соснове насадження,84,words,False
uk.wikipedia.org,Здвиж,23,words,False
uk.wikipedia.org,Здитів (Здитівська сільська рада),44,words,False
uk.wikipedia.org,Когелнічень,32,words,False
uk.wikipedia.org,Луїс Вега Торрес,18,words,False
uk.wikipedia.org,Людвиг Квідде,40,words,False
uk.wikipedia.org,Меро (Шер),43,words,False
uk.wikipedia.org,Млинок (Коростенський район),20,words,False
uk.wikipedia.org,Одачі,115,words,False
uk.wikipedia.org,"Переслідувач (фільм, 1928)",12,words,False
uk.wikipedia.org,Хмель Антон Федорович,33,words,False
uk.wikipedia.org,15099 Джейнштром,19,words,False
uk.wikipedia.org,21428 Джунгокім,19,words,False
uk.wikipedia.org,Microsoft Dynamics,132,words,False
uk.wikipedia.org,Господній день,167,words,False
uk.wikipedia.org,Дефіцит вологості,48,words,False
uk.wikipedia.org,Збігнєв Паклеза,17,words,False
uk.wikipedia.org,Катрін Плевінскі,30,words,False
uk.wikipedia.org,Козлув (Свентокшиське воєводство),27,words,False
uk.wikipedia.org,Лінк Рей,194,words,False
uk.wikipedia.org,Мешко III Старий,100,words,False
uk.wikipedia.org,Пальміра (Вісконсин),19,words,False
uk.wikipedia.org,Паровий млин Яновського,14,words,False
uk.wikipedia.org,Перу-Піньєйру,74,words,False
uk.wikipedia.org,Руська Цильна,26,words,False
uk.wikipedia.org,Сен-Ремі-ла-Варенн,46,words,False
uk.wikipedia.org,Снітниця,20,words,False
uk.wikipedia.org,Сульфонол,111,words,False
uk.wikipedia.org,Сіднейський оперний театр,240,words,False
uk.wikipedia.org,Храм Успіння Пресвятої Діви Марії (Новочеркаськ),36,words,False
uk.wikipedia.org,IV століття у Грузії,124,words,False
uk.wikipedia.org,Єфремов Сергій Вікторович (офіцер),31,words,False
uk.wikipedia.org,Іван Горан Ковачич,42,words,False
uk.wikipedia.org,Базельський маніфест (1912),69,words,False
uk.wikipedia.org,Газопереробний завод Ахдаб,130,words,False
uk.wikipedia.org,Гедвіг Бйоркман,15,words,False
uk.wikipedia.org,Доступ до ринку,157,words,False
uk.wikipedia.org,Лінда Ґуставсон,25,words,False
uk.wikipedia.org,Малинів,21,words,False
uk.wikipedia.org,Море у вогні,70,words,False
uk.wikipedia.org,Національний місячник написання книги,112,words,False
uk.wikipedia.org,Нью-Йорк 1924,200,words,False
uk.wikipedia.org,Рахманово (Костромська область),24,words,False
uk.wikipedia.org,Рус (значення),17,words,False
uk.wikipedia.org,Салусіо,18,words,False
uk.wikipedia.org,Свои (альбом),116,words,False
uk.wikipedia.org,Список екорегіонів Есватіні,14,words,False
uk.wikipedia.org,Список птахів Південного Судану,16,words,False
uk.wikipedia.org,Терічень (Прахова),38,words,False
tr.wikipedia.org,Aconitum brevipetalum,7,words,False
tr.wikipedia.org,"Ahmethacı, Zara",8,words,False
tr.wikipedia.org,"Amsterdam Kalesi, Gana",115,words,False
tr.wikipedia.org,Chetham Kütüphanesi,67,words,False
tr.wikipedia.org,Güney Amerika'daki en yüksek binalar listesi,8,words,False
tr.wikipedia.org,Hradec Králové (ilçe),15,words,False
tr.wikipedia.org,Ian Maxtone-Graham,36,words,False
tr.wikipedia.org,Iuliu Bodola,43,words,False
tr.wikipedia.org,Keleme,27,words,False
tr.wikipedia.org,Mizrah,21,words,False
tr.wikipedia.org,NGC 121,26,words,False
tr.wikipedia.org,Nekropolitika,286,words,False
tr.wikipedia.org,Nymphon,7,words,False
tr.wikipedia.org,Portunidae,41,words,False
tr.wikipedia.org,Ratones,9,words,False
tr.wikipedia.org,Regina (anlam ayrımı),29,words,False
tr.wikipedia.org,Silene ruprechtii,8,words,False
tr.wikipedia.org,Swedish Match,70,words,False
tr.wikipedia.org,Vejano,10,words,False
tr.wikipedia.org,WMF Group,17,words,False
tr.wikipedia.org,"Ayvalıdere, Gönen",8,words,False
tr.wikipedia.org,Begonia aequatoguineensis,8,words,False
tr.wikipedia.org,Bünyamin Sudaş,32,words,False
tr.wikipedia.org,Coereba flaveola oblita,10,words,False
tr.wikipedia.org,"Columbia County, Oregon",24,words,False
tr.wikipedia.org,Craponius,7,words,False
tr.wikipedia.org,Ergun Göze,15,words,False
tr.wikipedia.org,Eskice,54,words,False
tr.wikipedia.org,Hollanda monarşisi,135,words,False
tr.wikipedia.org,Isiah Thomas,79,words,False
tr.wikipedia.org,La Louvière-Lauragais,11,words,False
tr.wikipedia.org,Muhtar Ertan,56,words,False
tr.wikipedia.org,Muhyettin Mutlu,122,words,False
tr.wikipedia.org,Normand Chaurette,14,words,False
tr.wikipedia.org,Satanic Warmaster,71,words,False
tr.wikipedia.org,Solanum anisophyllum,8,words,False
tr.wikipedia.org,"Tepeköy, Seben",8,words,False
tr.wikipedia.org,Walter Olkewicz,14,words,False
tr.wikipedia.org,Yüz Liraya Bir Deli,36,words,False
tr.wikipedia.org,İnce ayarlı evren,132,words,False
tr.wikipedia.org,Antipiretik,166,words,False
tr.wikipedia.org,"Ashland, Kansas",24,words,False
tr.wikipedia.org,"Bozkuyu, Siverek",8,words,False
tr.wikipedia.org,Charlotte Douglas Uluslararası Havalimanı,85,words,False
tr.wikipedia.org,Ertur Yener,94,words,False
tr.wikipedia.org,Garding,39,words,False
tr.wikipedia.org,Gynura,6,words,False
tr.wikipedia.org,Iko Uwais,50,words,False
tr.wikipedia.org,Itunella,7,words,False
tr.wikipedia.org,Krema,65,words,False
tr.wikipedia.org,La Capelle-Balaguier,11,words,False
tr.wikipedia.org,Loussous-Débat,10,words,False
tr.wikipedia.org,Manhattan Projesi (anlam ayrımı),28,words,False
tr.wikipedia.org,NGC 4581,37,words,False
tr.wikipedia.org,Parabisaccanthes,7,words,False
tr.wikipedia.org,Pietro Fittipaldi,29,words,False
tr.wikipedia.org,Roméo Dallaire,12,words,False
tr.wikipedia.org,Schinia grandimedia,8,words,False
tr.wikipedia.org,Sicyos,7,words,False
tr.wikipedia.org,Troyes,20,words,False
tr.wikipedia.org,1995'te Türkiye,18,words,False
tr.wikipedia.org,Begonia beludruvenea,8,words,False
tr.wikipedia.org,Bryan Heynen,20,words,False
tr.wikipedia.org,Ceratophyllus idius,8,words,False
tr.wikipedia.org,Cisano sul Neva,12,words,False
tr.wikipedia.org,Embolizm,48,words,False
tr.wikipedia.org,Federico Omar Saroldi Park Stadyumu,20,words,False
tr.wikipedia.org,Fevzi Zemzem,81,words,False
tr.wikipedia.org,Galloway-Mowat sendromu,136,words,False
tr.wikipedia.org,Gölcükspor 2007-08 sezonu,33,words,False
tr.wikipedia.org,Hafif bilişsel bozukluk,100,words,False
tr.wikipedia.org,"Koyunuşağı, Keban",8,words,False
tr.wikipedia.org,Mihály Deák-Bárdos,29,words,False
tr.wikipedia.org,Molandier,10,words,False
tr.wikipedia.org,Nik Antropov,58,words,False
tr.wikipedia.org,Popti,29,words,False
tr.wikipedia.org,Razambek Jamalov,26,words,False
tr.wikipedia.org,Seljalandsfoss,38,words,False
tr.wikipedia.org,Sittilong,7,words,False
tr.wikipedia.org,Vorskla Nehri Muharebesi,76,words,False
tr.wikipedia.org,Biobío Nehri,49,words,False
tr.wikipedia.org,Birüssebi Türk Demiryolu İstasyonu,32,words,False
tr.wikipedia.org,"Breathe (film, 2024)",45,words,False
tr.wikipedia.org,Faiditus,7,words,False
tr.wikipedia.org,Ford Scorpio,20,words,False
tr.wikipedia.org,Kalabalık Aile,53,words,False
tr.wikipedia.org,Kosovorotka,65,words,False
tr.wikipedia.org,Lieu-Saint-Amand,10,words,False
tr.wikipedia.org,Mercedes calor,8,words,False
tr.wikipedia.org,Meschede,16,words,False
tr.wikipedia.org,Meçel,33,words,False
tr.wikipedia.org,Muhtar Şahanov,46,words,False
tr.wikipedia.org,Otto mimarisi,33,words,False
tr.wikipedia.org,Ruano,10,words,False
tr.wikipedia.org,SK Dynamo České Budějovice,20,words,False
tr.wikipedia.org,Strethall,8,words,False
tr.wikipedia.org,Tony Kgoroge,9,words,False
tr.wikipedia.org,Valgelon-La Rochette,11,words,False
tr.wikipedia.org,Vische,10,words,False
tr.wikipedia.org,William Vainqueur,15,words,False
tr.wikipedia.org,Amanita aestivalis,8,words,False
tr.wikipedia.org,Deloneura,7,words,False
tr.wikipedia.org,Discogs,43,words,False
tr.wikipedia.org,Duchesnea,7,words,False
tr.wikipedia.org,Feuillade,4,words,False
tr.wikipedia.org,"Jordão, Acre",6,words,False
tr.wikipedia.org,Le Coudray-Saint-Germer,11,words,False
tr.wikipedia.org,Marina Nekrasova,23,words,False
tr.wikipedia.org,Mersin Bisiklet Turu,27,words,False
tr.wikipedia.org,Orkun Kemal Ertaş,20,words,False
tr.wikipedia.org,Psychotria boqueronensis,8,words,False
tr.wikipedia.org,Roccasecca dei Volsci,12,words,False
tr.wikipedia.org,Ruj feminizmi,159,words,False
tr.wikipedia.org,Santo Domingo Petapa (belediye),15,words,False
tr.wikipedia.org,Steinberg,23,words,False
tr.wikipedia.org,Sukot,82,words,False
tr.wikipedia.org,Takım otomatik silahı,76,words,False
tr.wikipedia.org,Türk yazı dilleri söz varlığı,23,words,False
tr.wikipedia.org,Yusuke Goto,23,words,False
tr.wikipedia.org,İnahos,15,words,False
tr.wikipedia.org,1994-95 Türkiye Basketbol Ligi,15,words,False
tr.wikipedia.org,2. Panzer Tümeni (Wehrmacht),107,words,False
tr.wikipedia.org,Altınakar,10,words,False
tr.wikipedia.org,Cleptoria,7,words,False
tr.wikipedia.org,Enerji Bakanlığı (Amerika Birleşik Devletleri),74,words,False
tr.wikipedia.org,Gorgodera,7,words,False
tr.wikipedia.org,Her i nærheden,43,words,False
tr.wikipedia.org,Jak Jones,74,words,False
tr.wikipedia.org,Johnny Ramone,26,words,False
tr.wikipedia.org,Katılım Öncesi Yapısal Politikalar Aracı,206,words,False
tr.wikipedia.org,Kreis Lippe,8,words,False
tr.wikipedia.org,"Köprülük, Eyyübiye",8,words,False
tr.wikipedia.org,Leucophenga,7,words,False
tr.wikipedia.org,Nuggle,17,words,False
tr.wikipedia.org,Onkyo,59,words,False
tr.wikipedia.org,Wilfred Bouma,11,words,False
tr.wikipedia.org,Águas Livres su kemeri,60,words,False
tr.wikipedia.org,Şahrud,48,words,False
tr.wikipedia.org,Şehr Pir,26,words,False
tr.wikipedia.org,Şemdin Sakık,38,words,False
tr.wikipedia.org,"""Daima hazır""",6,words,False
tr.wikipedia.org,Biyomedikal mühendisliği,175,words,False
tr.wikipedia.org,Clarencelı Philippa,29,words,False
tr.wikipedia.org,Emre Öztürk,26,words,False
tr.wikipedia.org,"Exeter, New Hampshire",28,words,False
tr.wikipedia.org,Falkirk,34,words,False
tr.wikipedia.org,Gentleman Joe,13,words,False
tr.wikipedia.org,Guyon Fernandez,8,words,False
tr.wikipedia.org,Jinggang Dağları,75,words,False
tr.wikipedia.org,Karabağ'da yakıt deposunda patlama,67,words,False
tr.wikipedia.org,Latrunculiidae,7,words,False
tr.wikipedia.org,Merit-Ptah,57,words,False
tr.wikipedia.org,Mycobacterium tuberculosis,35,words,False
tr.wikipedia.org,RIPE NCC,104,words,False
tr.wikipedia.org,Rusya Sosyal Demokrat İşçi Partisi 3. Kongresi,366,words,True
tr.wikipedia.org,Schänis,28,words,False
tr.wikipedia.org,Tech N9ne,40,words,False
tr.wikipedia.org,"Yıkılgan, Amasya",8,words,False
tr.wikipedia.org,Ödön Földessy,14,words,False
tr.wikipedia.org,İskoçya 20 yaş altı millî futbol takımı,32,words,False
tr.wikipedia.org,2023 Avrupa Oyunları'nda muay thai,28,words,False
tr.wikipedia.org,Akpınar,124,words,False
tr.wikipedia.org,Belarus-Türkiye ilişkileri,35,words,False
tr.wikipedia.org,Blangy-sur-Bresle,10,words,False
tr.wikipedia.org,Bulbophyllum maximum,8,words,False
tr.wikipedia.org,Değirmencik,67,words,False
tr.wikipedia.org,Forcalhos,17,words,False
tr.wikipedia.org,Golfingia,7,words,False
tr.wikipedia.org,"Güzelyurt, Düziçi",8,words,False
tr.wikipedia.org,Ispidina,7,words,False
tr.wikipedia.org,Kromozom 14 (insan),38,words,False
tr.wikipedia.org,"Lignerolles, Côte-d'Or",8,words,False
tr.wikipedia.org,Melitopol Yerel Tarih Müzesi,38,words,False
tr.wikipedia.org,Münir Süleyman Çapanoğlu,162,words,False
tr.wikipedia.org,Niğde'de 1927 Türkiye genel seçimleri,7,words,False
tr.wikipedia.org,Sabrina Carpenter,262,words,False
tr.wikipedia.org,Sarah Snook,12,words,False
tr.wikipedia.org,"Türkmenköy, Kıbrıs",74,words,False
tr.wikipedia.org,İnsanın Yücelişi (anlam ayrımı),36,words,False
tr.wikipedia.org,Şebinkarahisar'da 1930 Türkiye yerel seçimleri,54,words,False
tr.wikipedia.org,2021 Yaz İşitme Engelliler Olimpiyat Oyunları'nda hentbol,34,words,False
tr.wikipedia.org,2024-25 Türkiye kayyum atamaları,63,words,False
tr.wikipedia.org,Domingo Villar,13,words,False
tr.wikipedia.org,Hydrangeaceae,22,words,False
tr.wikipedia.org,Hüseyin Tokmak,15,words,False
tr.wikipedia.org,Irish cream,54,words,False
tr.wikipedia.org,Itter,36,words,False
tr.wikipedia.org,Largvisi Manastırı,60,words,False
tr.wikipedia.org,Lelantos,23,words,False
tr.wikipedia.org,Manto (giysi),124,words,False
tr.wikipedia.org,Mecklenburg,68,words,False
tr.wikipedia.org,Mezitli Kadın Üretici Pazarı,122,words,False
tr.wikipedia.org,Montégut-Arros,10,words,False
tr.wikipedia.org,Nora Berra,11,words,False
tr.wikipedia.org,Peranoplium,6,words,False
tr.wikipedia.org,Planococcus,7,words,False
tr.wikipedia.org,Red Lerille,13,words,False
tr.wikipedia.org,Ruslan Mirzayev,28,words,False
tr.wikipedia.org,Taohiler,141,words,False
tr.wikipedia.org,Çoban I (cüce galaksi),50,words,False
vi.wikipedia.org,5504 Lanzerotti,26,words,False
vi.wikipedia.org,Anthophora hedickei,19,words,False
vi.wikipedia.org,Bảng tổng sắp huy chương Thế vận hội Mùa hè 1976,333,words,True
vi.wikipedia.org,Cerasus fruticosa,25,words,False
vi.wikipedia.org,Cua núi Vĩnh Tân,59,words,False
vi.wikipedia.org,Danh sách cầu thủ tham dự Giải vô địch bóng đá thế giới 2006,110,words,False
vi.wikipedia.org,Dives,8,words,False
vi.wikipedia.org,Dongchimi,174,words,False
vi.wikipedia.org,"Mount Union, Iowa",25,words,False
vi.wikipedia.org,Oreodera ohausi,11,words,False
vi.wikipedia.org,Orthocentrus monilicornis,10,words,False
vi.wikipedia.org,Paraechinus nudiventris,22,words,False
vi.wikipedia.org,Phyllocycla diphylla,21,words,False
vi.wikipedia.org,Rhododendron grande,25,words,False
vi.wikipedia.org,Safia obsolefacta,10,words,False
vi.wikipedia.org,Sphenomorphus puncticentralis,22,words,False
vi.wikipedia.org,Teretriorhynchites pubescens,21,words,False
vi.wikipedia.org,Thời đại hoàng kim của Hồi giáo,235,words,False
vi.wikipedia.org,Tiếng Mân Nam,95,words,False
vi.wikipedia.org,Xylomania,9,words,False
vi.wikipedia.org,1021 Flammario,48,words,False
vi.wikipedia.org,1888 Zu Chong-Zhi,52,words,False
vi.wikipedia.org,Arachnothryx nitida,26,words,False
vi.wikipedia.org,Bichroma,9,words,False
vi.wikipedia.org,"Govindanahalli, Channapatna",13,words,False
vi.wikipedia.org,Guarea caulobotryis,24,words,False
vi.wikipedia.org,Hololena dana,27,words,False
vi.wikipedia.org,"Küçükören, Gölbaşı",21,words,False
vi.wikipedia.org,"Madlerahalli, Pavagada",13,words,False
vi.wikipedia.org,Moraea longistyla,26,words,False
vi.wikipedia.org,Neolimnophila placida,16,words,False
vi.wikipedia.org,Nerax poecilolamprus,26,words,False
vi.wikipedia.org,Pardoglossum watieri,29,words,False
vi.wikipedia.org,Rhomboda moulmeinensis,27,words,False
vi.wikipedia.org,Santo Tomás Jalieza,22,words,False
vi.wikipedia.org,Strepsinoma foveata,10,words,False
vi.wikipedia.org,Susuacanga octoguttata,11,words,False
vi.wikipedia.org,Thị lọ nồi,24,words,False
vi.wikipedia.org,"Xã Bingham, Quận Leelanau, Michigan",27,words,False
vi.wikipedia.org,"Çeltikdüzü, Yusufeli",21,words,False
vi.wikipedia.org,Bilaspur,17,words,False
vi.wikipedia.org,Bruchia carolinae,21,words,False
vi.wikipedia.org,"Bệnh viện Đại học Y Dược, Đại học Quốc gia Hà Nội",209,words,False
vi.wikipedia.org,Cheater (bài hát),60,words,False
vi.wikipedia.org,Daltonia lamyana,21,words,False
vi.wikipedia.org,Dịch vụ tài chính,298,words,False
vi.wikipedia.org,Euphyia balteata,10,words,False
vi.wikipedia.org,Guettarda davidseorum,25,words,False
vi.wikipedia.org,Hednota polyargyra,10,words,False
vi.wikipedia.org,"Ismaël Diomandé (cầu thủ bóng đá, sinh năm 1992)",30,words,False
vi.wikipedia.org,Isochromodes despoliata,10,words,False
vi.wikipedia.org,Mesosa laosensis,11,words,False
vi.wikipedia.org,Oberonia maboroensis,24,words,False
vi.wikipedia.org,Olios detritus,24,words,False
vi.wikipedia.org,Orectogyrus vagus,22,words,False
vi.wikipedia.org,Pelargonium dolomiticum,24,words,False
vi.wikipedia.org,Rhomboptila brantsiata,10,words,False
vi.wikipedia.org,Scordonia albofascia,10,words,False
vi.wikipedia.org,Sphecotheres hypoleucus,9,words,False
vi.wikipedia.org,Ấu trùng Witchetty,77,words,False
vi.wikipedia.org,27716 Nobuyuki,26,words,False
vi.wikipedia.org,Acid pamidronic,45,words,False
vi.wikipedia.org,Brachystelma megasepalum,26,words,False
vi.wikipedia.org,Bảo tàng Dược phẩm Jana Muszyński ở Łódź,35,words,False
vi.wikipedia.org,Cordulegaster bilineata,21,words,False
vi.wikipedia.org,Couziers,46,words,False
vi.wikipedia.org,DeepSeek,240,words,False
vi.wikipedia.org,Empis variegata,36,words,False
vi.wikipedia.org,Hex (album),44,words,False
vi.wikipedia.org,Koizumi Keiji,23,words,False
vi.wikipedia.org,Laornis,25,words,False
vi.wikipedia.org,Lasiocercis similis,11,words,False
vi.wikipedia.org,Leioproctus phillipensis,19,words,False
vi.wikipedia.org,Let's Wait Awhile,271,words,False
vi.wikipedia.org,Lopholejeunea nipponica,21,words,False
vi.wikipedia.org,Monolepta parallela,21,words,False
vi.wikipedia.org,"Pekmezci, Akpınar",21,words,False
vi.wikipedia.org,Petelia aesyla,10,words,False
vi.wikipedia.org,Stumpffia,28,words,False
vi.wikipedia.org,Tmesisternus jaspideus,11,words,False
vi.wikipedia.org,Agatrix epomis,20,words,False
vi.wikipedia.org,Animantarx,18,words,False
vi.wikipedia.org,Bolborhachium scopulum,22,words,False
vi.wikipedia.org,Centropyge eibli,27,words,False
vi.wikipedia.org,Cyperus camphoratus,24,words,False
vi.wikipedia.org,Cyrtandra tenuisepala,25,words,False
vi.wikipedia.org,Espírito Santo,100,words,False
vi.wikipedia.org,Eurytaphria,9,words,False
vi.wikipedia.org,"Hiratsuka, Kanagawa",51,words,False
vi.wikipedia.org,I'm Yours,109,words,False
vi.wikipedia.org,Ligidium tschatcalicum,20,words,False
vi.wikipedia.org,Metacantharis picciolii,21,words,False
vi.wikipedia.org,Mikhail Malyshev,29,words,False
vi.wikipedia.org,"Mukha Halli, Gundlupet",14,words,False
vi.wikipedia.org,Nacerdes barbara,21,words,False
vi.wikipedia.org,Periscyphis jannonei,20,words,False
vi.wikipedia.org,Phytomyptera vibrissata,9,words,False
vi.wikipedia.org,Tothillia sinensis,9,words,False
vi.wikipedia.org,USS Amsterdam (CL-101),141,words,False
vi.wikipedia.org,Viktor Petrovich Astafyev,45,words,False
vi.wikipedia.org,Bruchidius anusurindrii,21,words,False
vi.wikipedia.org,Campanula wattiana,28,words,False
vi.wikipedia.org,Centropogon azuayensis,24,words,False
vi.wikipedia.org,Corgatha tana,10,words,False
vi.wikipedia.org,Eo biển Drake,87,words,False
vi.wikipedia.org,Erblichia antsingyae,26,words,False
vi.wikipedia.org,Erigone lata,25,words,False
vi.wikipedia.org,Fontaine-sur-Maye,10,words,False
vi.wikipedia.org,Humerilabus longulus,23,words,False
vi.wikipedia.org,Nepeta macrosiphon,25,words,False
vi.wikipedia.org,Phạm Văn Đổng,125,words,False
vi.wikipedia.org,"Quận Boundary, Idaho",41,words,False
vi.wikipedia.org,"Quận Mono, California",37,words,False
vi.wikipedia.org,Schefflera hoi,26,words,False
vi.wikipedia.org,Schrankia aurantilineata,10,words,False
vi.wikipedia.org,Selenisa stipata,10,words,False
vi.wikipedia.org,Stegoelmis andersoni,21,words,False
vi.wikipedia.org,Sân bay Niigata,20,words,False
vi.wikipedia.org,Villeneuve-les-Corbières,23,words,False
vi.wikipedia.org,Wurmbea pusilla,24,words,False
vi.wikipedia.org,"Ahmetli, Kula",21,words,False
vi.wikipedia.org,Ammophila induta,27,words,False
vi.wikipedia.org,Blackbolbus furcaticollis,21,words,False
vi.wikipedia.org,Danh sách đề cử và giải thưởng của Lee Min-ho,38,words,False
vi.wikipedia.org,Deucalion oceanicum,11,words,False
vi.wikipedia.org,Etlingera muluensis,24,words,False
vi.wikipedia.org,Grammostola anthracina,15,words,False
vi.wikipedia.org,Hóa chất DOC,88,words,False
vi.wikipedia.org,La Morera de Montsant,51,words,False
vi.wikipedia.org,"Ledgeview, Wisconsin",24,words,False
vi.wikipedia.org,Leila Yates,76,words,False
vi.wikipedia.org,Mars 1M No.1,102,words,False
vi.wikipedia.org,Mesudus solitarius,25,words,False
vi.wikipedia.org,Otholobium caffrum,25,words,False
vi.wikipedia.org,"Sobolewo, Tỉnh West Pomeranian",84,words,False
vi.wikipedia.org,Tanyochraethes minca,11,words,False
vi.wikipedia.org,Taxithelium ludovicae,23,words,False
vi.wikipedia.org,Tetragnatha desaguni,25,words,False
vi.wikipedia.org,Thomisus duriusculus,25,words,False
vi.wikipedia.org,Tủy đỏ (định hướng),50,words,False
vi.wikipedia.org,Acrobasis obliqua,17,words,False
vi.wikipedia.org,Aeschynanthus nervosus,26,words,False
vi.wikipedia.org,Anaspis disconotata,21,words,False
vi.wikipedia.org,Anomis reversa,10,words,False
vi.wikipedia.org,Anthophora biciliata,19,words,False
vi.wikipedia.org,Bộ Bạch hoa,122,words,False
vi.wikipedia.org,Craspedosis flavithorax,10,words,False
vi.wikipedia.org,Dabrun,11,words,False
vi.wikipedia.org,Diospyros puncticulosa,24,words,False
vi.wikipedia.org,Greiz (huyện),112,words,False
vi.wikipedia.org,Hút mật Lina,59,words,False
vi.wikipedia.org,Liên đoàn Quần vợt Quốc tế,164,words,False
vi.wikipedia.org,Pendanthura seminigra,22,words,False
vi.wikipedia.org,Piper chromatolepis,25,words,False
vi.wikipedia.org,Say Chhum,181,words,False
vi.wikipedia.org,Sohagpur,19,words,False
vi.wikipedia.org,Taperoá,28,words,False
vi.wikipedia.org,Thelyschista ghillanyi,25,words,False
vi.wikipedia.org,"Topraktepe, Doğanşehir",21,words,False
vi.wikipedia.org,Đường sắt cao tốc Hồ Châu – Hàng Châu,57,words,False
vi.wikipedia.org,16102 Barshannon,37,words,False
vi.wikipedia.org,Callicarpa furfuracea,25,words,False
vi.wikipedia.org,Cathie Black,465,words,True
vi.wikipedia.org,Cevallia sinuata,24,words,False
vi.wikipedia.org,Coccoloba salicifolia,25,words,False
vi.wikipedia.org,Dicranota pavida,18,words,False
vi.wikipedia.org,Elymus czilikensis,23,words,False
vi.wikipedia.org,Glecaprevir/pibrentasvir,95,words,False
vi.wikipedia.org,Làng Trà Quế,102,words,False
vi.wikipedia.org,Masullas,69,words,False
vi.wikipedia.org,Pannarano,70,words,False
vi.wikipedia.org,Phlyctenosis peyrierasi,11,words,False
vi.wikipedia.org,Porcellio,9,words,False
vi.wikipedia.org,Rhynchosia nervosa,22,words,False
vi.wikipedia.org,Savoia-Marchetti S.55,14,words,False
vi.wikipedia.org,Scytodes cubensis,23,words,False
vi.wikipedia.org,Strychnos ignatii,26,words,False
vi.wikipedia.org,Thysanoprymna peculiaris,13,words,False
vi.wikipedia.org,Trentepohlia cara,18,words,False
vi.wikipedia.org,"Xã West Oak Bluff, Quận Clay, Arkansas",31,words,False
vi.wikipedia.org,Améscoa Baja,46,words,False
vi.wikipedia.org,Castelnavia fimbriata,26,words,False
vi.wikipedia.org,Champagne-sur-Oise,15,words,False
vi.wikipedia.org,Cicendia filiformis,26,words,False
vi.wikipedia.org,Coenotephria taczanowskiaria,10,words,False
vi.wikipedia.org,Diptychia,9,words,False
vi.wikipedia.org,Eristalis jugorum,33,words,False
vi.wikipedia.org,Fernandocrambus harpipterus,10,words,False
vi.wikipedia.org,Hampea sphaerocarpa,30,words,False
vi.wikipedia.org,Harishpur,18,words,False
vi.wikipedia.org,Inga nubigena,22,words,False
vi.wikipedia.org,Lưu Túc (Lê sơ),18,words,False
vi.wikipedia.org,Mesochorus boliviensis,10,words,False
vi.wikipedia.org,Ochrodota atra,13,words,False
vi.wikipedia.org,Pensacola maxillosa,24,words,False
vi.wikipedia.org,Philodromus naxcivanicus,27,words,False
vi.wikipedia.org,Scinax boulengeri,68,words,False
vi.wikipedia.org,Thaumatoncus indicator,23,words,False
vi.wikipedia.org,Vexillum kaicherae,21,words,False
vi.wikipedia.org,Xysticus diversus,23,words,False
cs.wikipedia.org,1944 v letectví,12,words,False
cs.wikipedia.org,AJ McLean,99,words,False
cs.wikipedia.org,Antonín Václav Šourek,29,words,False
cs.wikipedia.org,Bohušov (nádraží),36,words,False
cs.wikipedia.org,Boží muka (Bílov),84,words,False
cs.wikipedia.org,Christian Lous Lange,65,words,False
cs.wikipedia.org,Cúcuta,112,words,False
cs.wikipedia.org,Dereham Town FC,62,words,False
cs.wikipedia.org,Hannu-Pekka Björkman,110,words,False
cs.wikipedia.org,Hlubočepské plotny,114,words,False
cs.wikipedia.org,Junior Eurovision Song Contest,114,words,False
cs.wikipedia.org,Kalle Kultala,16,words,False
cs.wikipedia.org,Kowalewo,228,words,False
cs.wikipedia.org,Pas de Quatre (balet),33,words,False
cs.wikipedia.org,Scala (programovací jazyk),50,words,False
cs.wikipedia.org,Seznam slovenských hráčů v NHL v sezóně 2015/2016,31,words,False
cs.wikipedia.org,Suqutri,156,words,False
cs.wikipedia.org,Svazijsko na zimních olympijských hrách,21,words,False
cs.wikipedia.org,Val Müstair,73,words,False
cs.wikipedia.org,Václav Zavadil,19,words,False
cs.wikipedia.org,ABRA Software,61,words,False
cs.wikipedia.org,Angolská fotbalová reprezentace do 20 let,21,words,False
cs.wikipedia.org,Angolské letectvo,97,words,False
cs.wikipedia.org,EPrix Sanya,45,words,False
cs.wikipedia.org,Ford model B,17,words,False
cs.wikipedia.org,Hrad Castrojeriz,161,words,False
cs.wikipedia.org,Joan Martinez Alier,53,words,False
cs.wikipedia.org,Ján Vančo,25,words,False
cs.wikipedia.org,Kabel,29,words,False
cs.wikipedia.org,Karel Smělý,30,words,False
cs.wikipedia.org,Kukačka srílanská,26,words,False
cs.wikipedia.org,"Lolita (film, 1962)",147,words,False
cs.wikipedia.org,Moodle,27,words,False
cs.wikipedia.org,Roman Kaliský,68,words,False
cs.wikipedia.org,Signalkuppe,69,words,False
cs.wikipedia.org,Ulog (Kalinovik),177,words,False
cs.wikipedia.org,Vodilka kanadská,24,words,False
cs.wikipedia.org,Wrangell (sopka),27,words,False
cs.wikipedia.org,Zítra vstanu a opařím se čajem,75,words,False
cs.wikipedia.org,Andronikos III.,28,words,False
cs.wikipedia.org,Bezlepková dieta,117,words,False
cs.wikipedia.org,Dolina Bystrička,38,words,False
cs.wikipedia.org,Elvíra,44,words,False
cs.wikipedia.org,Emília Sedláková,36,words,False
cs.wikipedia.org,European Tour 1973 (The Rolling Stones),50,words,False
cs.wikipedia.org,Filmový festival,37,words,False
cs.wikipedia.org,HMCS Sackville (K181),51,words,False
cs.wikipedia.org,Hirakawa,19,words,False
cs.wikipedia.org,Krasobruslení na Zimních olympijských hrách 1936,18,words,False
cs.wikipedia.org,Králický Sněžník (pohoří),70,words,False
cs.wikipedia.org,Los Cabos Open 2016 – mužská dvouhra,99,words,False
cs.wikipedia.org,Pojezd parní lokomotivy,17,words,False
cs.wikipedia.org,Přebor Zlínského kraje 2025/2026,46,words,False
cs.wikipedia.org,Salvador Allende,242,words,False
cs.wikipedia.org,Schwertberg,19,words,False
cs.wikipedia.org,Seznam kulturních památek v Doubravníku,86,words,False
cs.wikipedia.org,Taphrinomycotina,45,words,False
cs.wikipedia.org,Vynález písma,202,words,False
cs.wikipedia.org,Vyšehrad (Žiar),102,words,False
cs.wikipedia.org,15 (číslo),38,words,False
cs.wikipedia.org,Daniela Bártová,49,words,False
cs.wikipedia.org,Dubová hora (Polomené hory),38,words,False
cs.wikipedia.org,Emil Martinec,22,words,False
cs.wikipedia.org,Ernst Friedrich Glocker,18,words,False
cs.wikipedia.org,Fiction Records,36,words,False
cs.wikipedia.org,Helena Faberová,39,words,False
cs.wikipedia.org,Ivan Wilhelm,52,words,False
cs.wikipedia.org,J. Richard Gott,31,words,False
cs.wikipedia.org,Kostel Božího Těla (Stará Červená Voda),29,words,False
cs.wikipedia.org,Melikertés,175,words,False
cs.wikipedia.org,Ostašov (Staňkovice),36,words,False
cs.wikipedia.org,Pustoryl,67,words,False
cs.wikipedia.org,Saint-Jean-d’Angély,22,words,False
cs.wikipedia.org,Sainte-Croix-en-Jarez,19,words,False
cs.wikipedia.org,Seznam poslanců Evropského parlamentu z Portugalska (2019–2024),12,words,False
cs.wikipedia.org,Sierra Morena,82,words,False
cs.wikipedia.org,Sulfid hořečnatý,35,words,False
cs.wikipedia.org,Walter Mars 14 M,67,words,False
cs.wikipedia.org,Zákon o důchodovém pojištění,74,words,False
cs.wikipedia.org,AC Libertas,24,words,False
cs.wikipedia.org,Andrej Bělousov,123,words,False
cs.wikipedia.org,Berknerův ostrov,77,words,False
cs.wikipedia.org,Buněčná diferenciace,55,words,False
cs.wikipedia.org,Dobrá Voda (Markovka),170,words,False
cs.wikipedia.org,Gennadij Batygin,24,words,False
cs.wikipedia.org,Instituto Cervantes,62,words,False
cs.wikipedia.org,Kaple Nejsvětějšího srdce Ježíšova (Dlouhá Louka),32,words,False
cs.wikipedia.org,Luděk Kopřiva,18,words,False
cs.wikipedia.org,Lvovsko-sandoměřská operace,45,words,False
cs.wikipedia.org,Netopýr Saviův,10,words,False
cs.wikipedia.org,Olbramovice Městečko,37,words,False
cs.wikipedia.org,"Pít, či nepít",55,words,False
cs.wikipedia.org,Rudá věž smrti,76,words,False
cs.wikipedia.org,Seznam dílů seriálu Expanze,38,words,False
cs.wikipedia.org,SpaceShipTwo,42,words,False
cs.wikipedia.org,Sveti Vrh,31,words,False
cs.wikipedia.org,Swedish Open 2014 – ženská čtyřhra,65,words,False
cs.wikipedia.org,Třetí vláda Davida Ben Guriona,124,words,False
cs.wikipedia.org,Vánoce bez Rodneyho,47,words,False
cs.wikipedia.org,Arthur Lemisch,41,words,False
cs.wikipedia.org,Borgarnes,38,words,False
cs.wikipedia.org,Eagle Records,36,words,False
cs.wikipedia.org,Ferdinand Aragonský (1363),20,words,False
cs.wikipedia.org,Francis Mardell,33,words,False
cs.wikipedia.org,Galaktické halo,140,words,False
cs.wikipedia.org,Hvízdák americký,90,words,False
cs.wikipedia.org,International German Open 2011,33,words,False
cs.wikipedia.org,Jakub Krčín,31,words,False
cs.wikipedia.org,Jay Leno,154,words,False
cs.wikipedia.org,K-12 (film),111,words,False
cs.wikipedia.org,Květoslava Petříčková,81,words,False
cs.wikipedia.org,Nikola Katić,97,words,False
cs.wikipedia.org,Německý lovecký teriér,13,words,False
cs.wikipedia.org,Půlnoční bouře,138,words,False
cs.wikipedia.org,Seznam lavinových událostí,15,words,False
cs.wikipedia.org,Sputnik 19,75,words,False
cs.wikipedia.org,Stibitz,35,words,False
cs.wikipedia.org,Trichocyty,81,words,False
cs.wikipedia.org,Tísnivé,87,words,False
cs.wikipedia.org,Adam Gebrian,67,words,False
cs.wikipedia.org,Auta,45,words,False
cs.wikipedia.org,Bananamour,41,words,False
cs.wikipedia.org,Bradley County,24,words,False
cs.wikipedia.org,Downhill (rozcestník),22,words,False
cs.wikipedia.org,Františka Šťovíčková,23,words,False
cs.wikipedia.org,Hounsfieldova jednotka,168,words,False
cs.wikipedia.org,Jednoduchá vazba,125,words,False
cs.wikipedia.org,Jindřiš,60,words,False
cs.wikipedia.org,Larisa Kosicynová,79,words,False
cs.wikipedia.org,Luděk Maňásek,21,words,False
cs.wikipedia.org,Marie Motlová,37,words,False
cs.wikipedia.org,Marion Bartoliová,263,words,False
cs.wikipedia.org,Mistrovství světa v biatlonu 2024 – vytrvalostní závod mužů,201,words,False
cs.wikipedia.org,Mšeno (nádraží),27,words,False
cs.wikipedia.org,Novogrodek,30,words,False
cs.wikipedia.org,Portrétní fotografie,113,words,False
cs.wikipedia.org,Předseda Poslanecké sněmovny Parlamentu České republiky,120,words,False
cs.wikipedia.org,Saint-Paul-de-Vence,31,words,False
cs.wikipedia.org,U Zbuja,27,words,False
cs.wikipedia.org,Almásfüzitő felső,30,words,False
cs.wikipedia.org,Argentinská Antarktida,82,words,False
cs.wikipedia.org,Atletika na Letních olympijských hrách 1900 – 100 metrů muži,16,words,False
cs.wikipedia.org,Bohumil Švarc,17,words,False
cs.wikipedia.org,Fabián (pivo),45,words,False
cs.wikipedia.org,František Xaver Procházka (rozcestník),36,words,False
cs.wikipedia.org,Hugo Henneberg,41,words,False
cs.wikipedia.org,Josef Zajíček,10,words,False
cs.wikipedia.org,Kunhuta Přemyslovna,44,words,False
cs.wikipedia.org,Madden NFL,62,words,False
cs.wikipedia.org,Michas Padhorny,74,words,False
cs.wikipedia.org,Roger Tsien,32,words,False
cs.wikipedia.org,Růžena Jilemnická,32,words,False
cs.wikipedia.org,Sauber C22,73,words,False
cs.wikipedia.org,Třída Derfflinger,110,words,False
cs.wikipedia.org,Victorinus,25,words,False
cs.wikipedia.org,Vstupní brána,134,words,False
cs.wikipedia.org,Východní Kordillera (Kolumbie),89,words,False
cs.wikipedia.org,Čukčagirské jezero,34,words,False
cs.wikipedia.org,Římskokatolická farnost Bořislav,33,words,False
cs.wikipedia.org,Avid Technology,56,words,False
cs.wikipedia.org,Awní Abd al-Hádí,38,words,False
cs.wikipedia.org,Birkkarspitze,48,words,False
cs.wikipedia.org,Bříza karpatská,53,words,False
cs.wikipedia.org,Diecéze Wa,27,words,False
cs.wikipedia.org,Frances Farmer,33,words,False
cs.wikipedia.org,Hraniční přechod Železná Ruda – Bayerisch Eisenstein,141,words,False
cs.wikipedia.org,Kanton Angoulême-Ouest,21,words,False
cs.wikipedia.org,Kinetická teorie látek,74,words,False
cs.wikipedia.org,Křížkovského čp. 115/3 (Valašské Meziříčí),119,words,False
cs.wikipedia.org,Microsoft,241,words,False
cs.wikipedia.org,Milan Golas,23,words,False
cs.wikipedia.org,Myx,116,words,False
cs.wikipedia.org,Optočlen,35,words,False
cs.wikipedia.org,Superpohár UEFA 1998,54,words,False
cs.wikipedia.org,Světová výstava 1929,285,words,False
cs.wikipedia.org,Volební obvod Wil,69,words,False
cs.wikipedia.org,Zápisky o válce galské,20,words,False
cs.wikipedia.org,Řimbaba obecná,67,words,False
cs.wikipedia.org,Šatovka (usedlost),20,words,False
cs.wikipedia.org,Aljo Beran,29,words,False
cs.wikipedia.org,Alois Hrdlička (právník),47,words,False
cs.wikipedia.org,Barbara Cartland,50,words,False
cs.wikipedia.org,Coggabata,91,words,False
cs.wikipedia.org,Decerebrační rigidita,220,words,False
cs.wikipedia.org,Grinzing,25,words,False
cs.wikipedia.org,Jan Dračský,56,words,False
cs.wikipedia.org,Jitka Severová,25,words,False
cs.wikipedia.org,Letenské sady,105,words,False
cs.wikipedia.org,Michał Bergson,116,words,False
cs.wikipedia.org,Mistrovství světa v ledním hokeji 1950,91,words,False
cs.wikipedia.org,Most Wildbichler,60,words,False
cs.wikipedia.org,Olympijská charta,40,words,False
cs.wikipedia.org,Paraxanthin,23,words,False
cs.wikipedia.org,Resen (opština),24,words,False
cs.wikipedia.org,Rypoun zobanitý,24,words,False
cs.wikipedia.org,SK Horácká Slavia Třebíč (fotbal),92,words,False
cs.wikipedia.org,Salomon de Bray,18,words,False
cs.wikipedia.org,Velké trápení,114,words,False
cs.wikipedia.org,Český Krumlov,218,words,False
